name,ra,dec,spect_type,vmag
HIP 70638,216.7322531,-83.66785308,K2III, 4.31
HIP 112405,341.5155139,-81.38161731,A9IV/V, 4.13
HIP 69896,214.5582105,-81.00760147,A2m..., 4.89
HIP 52633,161.446399,-80.54020283,B2.5IV, 4.45
HIP 60000,184.5872663,-79.31226899,B5Vn, 4.24
HIP 72370,221.9655257,-79.04471242,K5III, 3.83
HIP 81065,248.3644341,-78.89695917,K0IV SB, 3.86
HIP 80047,245.0868128,-78.69565609,M5III, 4.68
HIP 51839,158.8675767,-78.60781379,M0III, 4.11
HIP 58484,179.9070471,-78.22181833,B9Vn, 4.88
HIP 81852,250.7725818,-77.51657182,K0III, 4.23
HIP 40888,125.162033,-77.4845764,K0III-IV, 4.34
HIP 107089,325.368638,-77.38946215,K0III, 3.73
HIP 2021,6.41334183,-77.25503511,G2IV, 2.82
HIP 122,0.39937928,-77.06529438,K2III, 4.78
HIP 40702,124.6302785,-76.91998251,F5III, 4.05
HIP 13244,42.6189035,-75.06688108,K3III, 4.76
HIP 17678,56.80929799,-74.23924251,M2III, 3.26
HIP 50954,156.0989187,-74.03154474,F2IV, 3.99
HIP 51495,157.758644,-73.2215089,K4/K5III, 4.94
HIP 98495,300.1474723,-72.91018443,A0V, 3.97
HIP 37504,115.4549835,-72.60613528,K0III, 3.93
HIP 44599,136.286793,-72.60269387,F6II-III, 4.47
HIP 61199,188.117129,-72.1329759,B5V, 3.84
HIP 51438,157.5836462,-71.99271995,A2III, 4.72
HIP 63613,195.5657397,-71.54879865,K2III, 3.61
HIP 91792,280.758891,-71.42772867,K2III, 4.01
HIP 44626,136.4099252,-70.53852074,B2IVe, 4.66
HIP 34481,107.1867688,-70.49919435,G8IIIvar, 3.78
HIP 57696,177.4859461,-70.2257858,G5Ib, 4.98
HIP 80686,247.1158385,-70.08467012,F9V, 4.90
HIP 50099,153.4344955,-70.03792169,B8III, 3.29
HIP 45238,138.3010033,-69.71747245,A2IV, 1.67
HIP 61585,189.2961821,-69.13553358,B2IV-V, 2.69
HIP 82273,252.1661074,-69.02763503,K2IIb-IIIa, 1.91
HIP 5896,18.93956391,-68.87623708,F6IV, 4.25
HIP 74946,229.7278701,-68.67946723,A1V, 2.87
HIP 11001,35.43759585,-68.6594239,A3V, 4.08
HIP 39794,121.98267,-68.61713647,B6IV, 4.35
HIP 12394,39.8967653,-68.2669476,B9III, 4.12
HIP 62322,191.5702901,-68.10809405,B2V, 3.04
HIP 59929,184.394318,-67.96067161,M5III, 4.06
HIP 35228,109.2076284,-67.95717248,F6II, 3.97
HIP 64661,198.8124908,-67.8945633,B8V, 4.79
HIP 84969,260.4980616,-67.7706496,K1III, 4.76
HIP 8928,28.73339519,-67.64748114,G5III, 4.68
HIP 12876,41.38555249,-67.616724,A2IV/V, 4.83
HIP 93015,284.2376694,-67.23353511,F5Ib-II:, 4.40
HIP 24372,78.43927858,-67.18534976,K2III, 4.81
HIP 50847,155.7424136,-66.90152522,B8V, 4.97
HIP 57581,177.0603726,-66.81487085,K4III, 4.75
HIP 64820,199.3043125,-66.78342263,K2Ib/II, 4.86
HIP 57363,176.4023639,-66.72884344,A7III, 3.63
HIP 1599,5.00797581,-64.8776232,F9V, 4.23
HIP 44382,135.6116618,-66.39584369,Am, 4.00
HIP 76440,234.1799454,-66.31690469,K0III, 4.11
HIP 102395,311.2398153,-66.20323826,A5IV, 3.42
HIP 99240,302.1744171,-66.17932101,G5IV-Vvar, 3.55
HIP 41312,126.4343594,-66.13652042,K2IIIvar, 3.77
HIP 27100,86.19341279,-65.7355408,A7V, 4.34
HIP 118322,359.978792,-65.57707774,B9IV, 4.49
HIP 105858,321.6103839,-65.36814438,F6V, 4.21
HIP 57851,177.963637,-65.20589445,B4V, 4.89
HIP 48002,146.7755734,-65.07201888,A9, 2.92
HIP 71908,220.6278543,-64.97456957,F1Vp, 3.18
HIP 110838,336.8328045,-64.96637927,B8V, 4.51
HIP 92024,281.3619008,-64.87089771,A7V, 4.78
HIP 17440,56.04814541,-64.80709398,K0IV SB, 3.84
HIP 86929,266.4333435,-64.7237345,K1III, 3.61
HIP 59072,181.7202202,-64.61363898,F2III, 4.14
HIP 65387,201.0018474,-64.53561699,G5III-IV, 4.52
HIP 52370,160.5589334,-64.4664538,B3V, 4.76
HIP 52419,160.739278,-64.39447937,B0Vp, 2.74
HIP 52736,161.7135174,-64.38349702,B3IV, 4.87
HIP 13884,44.69902505,-64.07129717,A5III, 4.98
HIP 60009,184.609553,-64.00304555,B2.5V, 4.06
HIP 52502,161.0289048,-63.9611007,B5Vn, 4.80
HIP 57669,177.4212002,-63.78848906,B3V, 4.30
HIP 68191,209.4122368,-63.68661603,K4III, 4.71
HIP 79664,243.8594423,-63.68564897,G5II, 3.86
HIP 88866,272.1449619,-63.66804844,Am, 4.33
HIP 74837,229.4120326,-63.61048662,K2.5III, 4.85
HIP 39138,120.0832051,-63.56750271,B3V, 4.81
HIP 77952,238.7867001,-63.42974973,F2III, 2.83
HIP 58758,180.7570797,-63.31294495,Am, 4.32
HIP 58867,181.0801573,-63.16571094,B2IV, 4.72
HIP 60718,186.6497559,-63.09905586,B0.5IV, 0.77
HIP 27890,88.52458376,-63.09102096,K1III/IV, 4.65
HIP 56561,173.9455345,-63.01982488,B9II:, 3.11
HIP 2487,7.88898014,-62.96544985,A2V, 4.53
HIP 2484,7.88566992,-62.95808549,B9V, 4.36
HIP 16245,52.34244352,-62.93843436,F5IV-V, 4.71
HIP 47854,146.3117815,-62.50792328,G5Iab/Ib, 3.69
HIP 26069,83.40631813,-62.48985585,F6Ia, 3.76
HIP 19780,63.60596306,-62.47397888,G7III, 3.33
HIP 54301,166.6353096,-62.42413654,G8III, 4.62
HIP 45856,140.236793,-62.40463293,G6III, 4.79
HIP 45101,137.8198661,-62.31701587,B3IV, 3.96
HIP 90797,277.8434439,-62.27819116,B8III, 4.63
HIP 92609,283.0543189,-62.18756062,B2II-III, 4.22
HIP 18744,60.2241876,-62.15936923,M4III, 4.48
HIP 56986,175.2235527,-62.09010401,G3Ib, 4.93
HIP 111310,338.2500526,-61.982073,M4III, 4.91
HIP 32607,102.0480713,-61.94197988,A7IV, 3.24
HIP 51576,158.0061825,-61.68536031,B4Vne, 3.30
HIP 9236,29.69113269,-61.56992444,F0V, 2.86
HIP 101773,309.3968323,-61.52974415,Fm delta Del, 4.86
HIP 90098,275.8067524,-61.49390506,M1III SB, 4.35
HIP 18597,59.68640623,-61.40015059,M2III, 4.56
HIP 50371,154.2708554,-61.33231977,K3II, 3.39
HIP 47391,144.8376706,-61.32810523,B9V, 4.51
HIP 39903,122.2535766,-61.3017058,F5V, 4.74
HIP 57439,176.6285375,-61.17835907,G0II, 4.11
HIP 18772,60.32529605,-61.07905148,K4III, 4.97
HIP 65271,200.658249,-60.98835608,B3V, 4.52
HIP 62268,191.4079843,-60.98116057,K1III, 4.69
HIP 71681,219.9141283,-60.83947139,K1V, 1.35
HIP 71683,219.9204103,-60.83514707,G2V,-0.01
HIP 85727,262.774904,-60.68360667,B8V, 3.60
HIP 43783,133.7619236,-60.64471195,B8III, 3.84
HIP 101612,308.8948674,-60.58129819,F1III, 4.75
HIP 52468,160.8846154,-60.56662705,K3Ib, 4.58
HIP 60260,185.3408804,-60.40136988,K3/K4III, 3.59
HIP 68702,210.956019,-60.3729784,B1III, 0.61
HIP 54751,168.1500845,-60.3176307,A6Ia, 4.59
HIP 110130,334.6257426,-60.25949486,K3III, 2.87
HIP 64425,198.0734554,-59.92053651,B8V, 4.58
HIP 42568,130.1543132,-59.76101468,B1.5III, 4.31
HIP 62434,191.9304954,-59.68873246,B0.5III, 1.25
HIP 61966,190.48582,-59.68581085,B6IV, 4.91
HIP 41037,125.628603,-59.50953829,K3III+B2V, 1.86
HIP 98608,300.4363427,-59.37582804,M6III, 4.95
HIP 75323,230.8444073,-59.32069839,B5III + F8, 4.48
HIP 19921,64.12118133,-59.30174841,K2IV, 4.44
HIP 45556,139.2726183,-59.27526115,A8Ib, 2.21
HIP 46974,143.611096,-59.22976797,B5II, 4.08
HIP 43937,134.2434461,-59.22935883,B2IV-V, 4.93
HIP 52102,159.6875522,-59.18299905,K4/K5III:, 4.69
HIP 63007,193.6634168,-59.14666538,B4Vn, 4.62
HIP 64583,198.5642837,-59.10285946,F7IV, 4.90
HIP 82363,252.4462976,-59.04131648,K5III, 3.77
HIP 54463,167.1474818,-58.97504198,G0Ia0, 3.93
HIP 45080,137.7421054,-58.96693014,B2IV, 3.43
HIP 53253,163.3731926,-58.85326474,K0III-IV..., 3.78
HIP 74824,229.3790009,-58.80087882,A3V, 4.07
HIP 59747,183.7864873,-58.74890179,B2IV, 2.79
HIP 51232,156.9697711,-58.73940856,F2II, 3.81
HIP 70264,215.6546749,-58.45915834,G8/K1 + F/G, 4.76
HIP 103227,313.7024151,-58.4540947,K0III, 3.67
HIP 114996,349.3575502,-58.23592762,F1III, 3.99
HIP 42134,128.8318677,-58.0092947,K0III, 4.84
HIP 78662,240.8842544,-57.77487351,A7IV, 4.63
HIP 51192,156.8519928,-57.63881373,A6Ia, 4.65
HIP 51849,158.8971442,-57.55763551,K3/K4II, 4.45
HIP 45496,139.0504268,-57.54143764,M1III, 4.34
HIP 23693,76.37787652,-57.47298928,F7V, 4.71
HIP 3405,10.83851683,-57.46309763,A0IV, 4.36
HIP 7588,24.42813204,-57.23666007,B3Vp, 0.45
HIP 63003,193.6485734,-57.17789116,B2IV-V, 4.03
HIP 61084,187.791372,-57.11256922,M4III, 1.59
HIP 46701,142.8056407,-57.0343916,K5III, 3.16
HIP 108870,330.822665,-56.77980602,K5V, 4.69
HIP 43105,131.67733,-56.76979718,B3Vne, 4.50
HIP 100751,306.4118735,-56.73488071,B2IV, 1.94
HIP 62327,191.5947896,-56.48877967,B3V, 4.62
HIP 70069,215.0814698,-56.38647906,B6Ib, 4.30
HIP 85267,261.3485827,-56.37768824,B1Ib, 3.31
HIP 27530,87.45656999,-56.1664886,K1III, 4.50
HIP 50676,155.2283958,-56.04322401,B3III, 4.50
HIP 83081,254.6551282,-55.99005508,K5III, 3.12
HIP 52154,159.8267189,-55.60327905,G2II, 4.29
HIP 85258,261.3249883,-55.52982397,K3Ib-II, 2.84
HIP 5348,17.0960837,-55.24583235,B6V + B0V, 3.94
HIP 21281,68.49882684,-55.04500559,A0V:, 3.30
HIP 50555,154.9031883,-55.02931452,K3II, 4.59
HIP 45941,140.5284551,-55.01069531,B2IV, 2.47
HIP 108431,329.4792958,-54.9925666,F0IV, 4.40
HIP 29276,92.574638,-54.96866057,B0.5IV, 4.72
HIP 42913,131.1758221,-54.70856797,A1V, 1.93
HIP 79509,243.3697263,-54.63041289,G4III, 4.95
HIP 48774,149.2156452,-54.5677973,B5Ib, 3.52
HIP 66821,205.4367283,-54.55936543,B8Vn+..., 4.99
HIP 55425,170.2518427,-54.49101395,B5Vn, 3.90
HIP 56480,173.6904664,-54.26413167,B9V, 4.62
HIP 51523,157.8426451,-53.7159928,F6V, 4.89
HIP 32761,102.4638171,-53.62249221,G6II, 4.41
HIP 112374,341.4077169,-53.50016316,K2IIICNIV, 4.84
HIP 66657,204.9719696,-53.46636269,B1III, 2.29
HIP 105319,319.9661825,-53.44926434,A5V, 4.39
HIP 69191,212.478986,-53.43872584,G8III, 4.74
HIP 83153,254.8960277,-53.16049005,K4III, 4.06
HIP 42726,130.6058767,-53.11404062,B3IV, 4.83
HIP 38827,119.1947573,-52.98240062,B3IVp, 3.46
HIP 31407,98.74411397,-52.97563454,B9III, 4.35
HIP 93148,284.6156468,-52.93860748,A0V, 4.85
HIP 42536,130.0733717,-52.92197259,B3IV, 3.60
HIP 99120,301.8465358,-52.88080972,M1II, 4.93
HIP 113638,345.2203098,-52.75410562,G8III, 4.11
HIP 43878,134.0803251,-52.72351071,B5V, 4.68
HIP 30438,95.98787763,-52.69571799,F0Ib,-0.62
HIP 36942,113.9154175,-52.53380809,K3III, 4.93
HIP 59449,182.9131309,-52.36841559,B3V, 3.97
HIP 74395,228.0716798,-52.09907465,G8III, 3.41
HIP 102333,311.0091112,-51.92084051,A6:var, 4.51
HIP 49712,152.2343903,-51.81126187,B3IV, 4.85
HIP 9007,28.98680207,-51.60958673,G5IV, 3.69
HIP 10602,34.12708452,-51.51211145,B8IV-V, 3.56
HIP 19893,64.00621426,-51.48709578,F4III, 4.26
HIP 60710,186.6324508,-51.4506115,B3Vn, 4.82
HIP 67234,206.6640352,-51.43269771,G8/K0III, 4.64
HIP 112623,342.1383214,-51.31670354,A3V, 3.49
HIP 27321,86.82118054,-51.06671329,A3V, 3.85
HIP 59196,182.0897651,-50.72240999,B2IVne, 2.58
HIP 59173,182.0219013,-50.66125439,B2IIIne, 4.46
HIP 32768,102.4839035,-50.61439973,K0III..., 2.94
HIP 71121,218.1545145,-50.45712132,B2III, 4.44
HIP 60823,187.0100483,-50.2306048,B3V, 3.91
HIP 80000,244.9606983,-50.15537923,G8III, 4.01
HIP 88714,271.6578283,-50.09145462,B2Ib, 3.65
HIP 79790,244.253898,-50.06811224,F9Ia, 4.97
HIP 64004,196.7277627,-49.90621586,B1.5V, 4.27
HIP 85792,262.9605066,-49.87598159,B2Vne, 2.84
HIP 38500,118.2651766,-49.61307949,B1.5Vp, 4.63
HIP 34059,105.9735665,-49.58425759,A4IV, 4.92
HIP 63724,195.8889497,-49.52723627,A0V, 4.83
HIP 71536,219.4718797,-49.42575765,B5V, 4.05
HIP 52727,161.6921754,-49.42012517,G5III SB, 2.69
HIP 86486,265.0988847,-49.41515481,F3IV, 4.76
HIP 47175,144.2069042,-49.3551286,A5V, 4.34
HIP 38957,119.560183,-49.24492865,B1Vp + B2, 4.47
HIP 78639,240.8035842,-49.22972074,G8III, 4.65
HIP 7083,22.81242306,-49.07307701,K0III-IV, 3.93
HIP 90568,277.2072332,-49.07003097,G8/K0III, 4.10
HIP 61932,190.3800208,-48.95988553,A1IV, 2.20
HIP 62867,193.2790691,-48.94325313,K3/K4III, 4.33
HIP 62012,190.6481714,-48.81303493,K0III, 4.66
HIP 2472,7.85356695,-48.80356171,A0V, 4.76
HIP 74376,227.9840043,-48.73770212,B9V, 3.88
HIP 33357,104.0666214,-48.72116448,M1III, 4.94
HIP 61622,189.4263659,-48.54128816,A2V, 3.85
HIP 41039,125.6320777,-48.49039742,B1V, 4.79
HIP 63945,196.5697099,-48.46325358,B5V, 4.71
HIP 35020,108.6589353,-48.27192832,B8/B9V, 4.75
HIP 51986,159.3260698,-48.22561631,A3m+..., 3.84
HIP 38518,118.3256786,-48.10294824,B0.5Ib, 4.22
HIP 96341,293.8041407,-48.09911061,G9III, 4.88
HIP 75206,230.5349753,-47.92746963,F8V, 4.99
HIP 74911,229.6335359,-47.87519201,B8V, 4.27
HIP 11407,36.74627081,-47.70382692,B5IV, 4.24
HIP 80582,246.7960326,-47.5547359,B4V, 4.46
HIP 71860,220.482391,-47.38814127,B1.5III, 2.30
HIP 9095,29.29163705,-47.38529869,G8III, 4.82
HIP 39953,122.3831473,-47.33661177,WC8 + O9I, 1.75
HIP 42624,130.3047503,-47.31714129,A5II, 4.74
HIP 101772,309.3916237,-47.29166239,K0III, 3.11
HIP 68002,208.8851454,-47.28826634,B2.5IV, 2.55
HIP 44511,136.0388356,-47.09771376,K2III, 3.75
HIP 38089,117.0843653,-47.07753199,K0III, 4.69
HIP 73807,226.279607,-47.05119386,B5, 3.91
HIP 109268,332.0578184,-46.96061593,B7IV, 1.73
HIP 112122,340.6663953,-46.88456594,M5III, 2.07
HIP 34834,108.1405872,-46.75956448,F0IV, 4.49
HIP 5165,16.52127713,-46.71849042,G8IIIvar, 3.32
HIP 42570,130.1565637,-46.64875492,F3Ia, 3.77
HIP 48374,147.9195349,-46.54764424,G5Ib, 4.58
HIP 86092,263.9150472,-46.50559076,A0V, 4.56
HIP 38164,117.3095792,-46.37322729,B0III, 4.10
HIP 8837,28.41174872,-46.30244631,M4III SB, 4.39
HIP 102790,312.3705384,-46.22689249,K5III, 4.90
HIP 3245,10.33156671,-46.08500934,G8III, 4.59
HIP 69996,214.8509697,-46.05808391,B2.5IV, 3.55
HIP 43023,131.5068946,-46.0415392,A1III, 3.87
HIP 90422,276.7434595,-45.96832919,B3IV, 3.49
HIP 89112,272.8074009,-45.95432704,G5III, 4.52
HIP 90830,277.9393169,-45.9147436,B6IV, 4.92
HIP 765,2.35224949,-45.74698836,K0III, 3.88
HIP 68523,210.4312165,-45.60336989,F6II, 4.34
HIP 5862,18.79403213,-45.53209717,F8V, 4.97
HIP 116602,354.4622305,-45.49232134,A2V, 4.74
HIP 70576,216.5450065,-45.37926095,A7:+..., 4.33
HIP 43347,132.4485347,-45.30790977,A2III, 4.94
HIP 74117,227.2109565,-45.27979406,B3V, 4.07
HIP 114421,347.5892831,-45.24664747,K0III SB, 3.88
HIP 70574,216.5343127,-45.22138996,B2IV, 4.56
HIP 70104,215.1772957,-45.1868814,F0IV, 4.78
HIP 34899,108.3057129,-45.18252474,Ap, 4.87
HIP 57803,177.7864651,-45.1734495,K4III, 4.47
HIP 78914,241.6225984,-45.17327517,Am, 4.73
HIP 76371,233.9719375,-44.95833688,B3IVp, 4.55
HIP 45085,137.7683442,-44.86791223,B5Ia, 4.99
HIP 68282,209.6698807,-44.8035314,B2IV-V, 3.87
HIP 95294,290.8044192,-44.79964788,F2III, 4.27
HIP 75264,230.6703647,-44.68957314,B2IV-V, 3.37
HIP 76829,235.2979823,-44.66055926,F5IV-V, 4.64
HIP 34922,108.3842954,-44.64052957,M5e, 4.42
HIP 74449,228.2066864,-44.50035965,B3IV, 4.83
HIP 95241,290.6595272,-44.45891013,B9V, 3.96
HIP 87846,269.1976068,-44.34219871,K2III, 4.85
HIP 81122,248.5209177,-44.04530868,B0Ia, 4.86
HIP 111043,337.4393561,-43.74922804,M4.5IIIa, 4.12
HIP 2072,6.55048418,-43.67990933,A7V, 3.93
HIP 72683,222.9096805,-43.57529383,B5IV, 4.32
HIP 114131,346.7198686,-43.52032436,F5me..., 4.28
HIP 110997,337.3173087,-43.49555433,G6/G8III, 3.97
HIP 44816,136.9990713,-43.43262406,K4Ib-II, 2.23
HIP 88726,271.7078522,-43.42496169,A5V, 4.92
HIP 6867,22.0914236,-43.31772906,K5II-III, 3.41
HIP 36377,112.3078263,-43.30189129,K5III SB, 3.25
HIP 84143,258.038233,-43.23849039,F3p, 3.32
HIP 31685,99.44029869,-43.19592394,B8III SB, 3.17
HIP 73273,224.6331419,-43.13386699,B2III, 2.68
HIP 15510,49.97177014,-43.07154929,G8V, 4.26
HIP 86228,264.3296907,-42.99782155,F1II, 1.86
HIP 42312,129.4110057,-42.98910371,A6II, 4.11
HIP 40096,122.8579034,-42.98728888,A7Ib, 4.73
HIP 12413,39.94966387,-42.89163328,A2V, 4.74
HIP 28328,89.78662719,-42.81510761,K0III, 3.96
HIP 42884,131.0998583,-42.64932331,G5III, 4.05
HIP 116389,353.7688774,-42.61510105,A2V, 4.69
HIP 76552,234.5138429,-42.56748493,K4.5III, 4.34
HIP 67472,207.4041993,-42.47368506,B2IV-Ve, 3.47
HIP 82671,253.4988637,-42.36201968,B1Iae, 4.70
HIP 82729,253.6462716,-42.36075916,K4III, 3.62
HIP 90982,278.3756671,-42.31245871,G5III, 4.62
HIP 2081,6.57028075,-42.30512197,K0III..., 2.40
HIP 19747,63.5003388,-42.29387294,K1III, 3.85
HIP 53773,165.0385243,-42.22586959,A3IV, 4.37
HIP 71352,218.8768816,-42.15774562,B1Vn + A, 2.33
HIP 50191,153.684474,-42.12206281,A2V, 3.85
HIP 73334,224.7904125,-42.10414199,B2IV, 3.13
HIP 68245,209.5678528,-42.10070526,B2IV, 3.83
HIP 93542,285.7784692,-42.09499443,A0Vn, 4.74
HIP 19515,62.71013758,-41.99374121,A9V, 4.93
HIP 98032,298.8153295,-41.8684135,K0III, 4.12
HIP 21770,70.14092957,-41.86357034,F2V, 4.44
HIP 78323,239.8762327,-41.74439602,G8III, 4.99
HIP 87936,269.4491939,-41.71625842,M0III, 4.88
HIP 67464,207.3762392,-41.68765971,B2IV, 3.41
HIP 50799,155.5816918,-41.65010791,K1IIIvar, 4.82
HIP 112203,340.8748696,-41.41411843,K0III, 4.84
HIP 109908,333.9036867,-41.34675029,G8III+..., 4.79
HIP 44191,135.0226672,-41.25373789,Fp, 4.45
HIP 68862,211.5116084,-41.17958035,B2V, 4.36
HIP 76297,233.7852516,-41.16669497,B2IV, 2.80
HIP 105382,320.1899315,-40.80950852,A2p, 4.80
HIP 75141,230.3430683,-40.64745946,B1.5IV, 3.22
HIP 95347,290.9714641,-40.61564629,B8V, 3.96
HIP 38414,118.0543562,-40.57579889,G5III..., 3.71
HIP 57443,176.6343626,-40.50133452,G3/G5V, 4.89
HIP 94005,287.0872208,-40.4966376,K1III, 4.57
HIP 46651,142.6754706,-40.46688763,F2IV, 3.60
HIP 40326,123.5120297,-40.34773028,K1II/III, 4.42
HIP 13847,44.5654818,-40.30473491,A4III+..., 2.88
HIP 16870,54.2736588,-40.27451075,K0III, 4.57
HIP 62896,193.3589416,-40.17881857,A4IV, 4.25
HIP 87073,266.8961714,-40.12698197,F3Ia, 2.99
HIP 87294,267.5462917,-40.09042823,A6Ib, 4.78
HIP 39429,120.8961256,-40.00318846,O5IAf, 2.21
HIP 61789,189.969006,-39.98724188,B8II/III, 4.63
HIP 12486,40.16638213,-39.85530905,K0III, 4.11
HIP 34495,107.2128182,-39.65567374,B3IV/V, 4.83
HIP 40091,122.8395844,-39.61855304,K4III, 4.44
HIP 109111,331.5287652,-39.54304903,M0III, 4.47
HIP 70300,215.7594054,-39.51176599,B2V, 4.41
HIP 65936,202.7611186,-39.40727983,G8II/III, 3.90
HIP 94160,287.5073019,-39.34070677,K0II/IIICN., 4.10
HIP 86670,265.6219991,-39.02992092,B1.5III, 2.39
HIP 38455,118.1610554,-38.86282206,B2V, 4.49
HIP 75501,231.3343852,-38.7335881,A0V, 4.60
HIP 86170,264.1368615,-38.63486521,G8/K0III/IV, 4.26
HIP 78655,240.850844,-38.60247122,B6III/IV, 4.90
HIP 45439,138.9031739,-38.56991789,K1III, 4.92
HIP 78384,240.0305854,-38.39664079,B2.5IV, 3.42
HIP 37297,114.8639749,-38.3080602,B3V, 4.84
HIP 82514,252.967662,-38.04732717,B1.5IV + B, 3.00
HIP 82545,253.083973,-38.01747781,B2IV, 3.56
HIP 37819,116.3137663,-37.96859848,K4III, 3.62
HIP 98761,300.8892141,-37.94049103,K4III, 4.77
HIP 94114,287.3678264,-37.90423953,A0/A1V, 4.11
HIP 70090,215.1394971,-37.88526711,A0IV, 4.05
HIP 116231,353.2424506,-37.81835895,B9.5IVMNpe., 4.38
HIP 64408,198.014445,-37.80313606,G3V, 4.85
HIP 71865,220.4900532,-37.79342394,B2.5V, 4.01
HIP 17797,57.14926223,-37.62012878,A+..., 4.30
HIP 45448,138.9377894,-37.41312644,F3/F5V, 4.63
HIP 108085,328.481892,-37.3648229,B8III, 3.00
HIP 17351,55.70884185,-37.31334485,K2IIICN..., 4.59
HIP 85696,262.690995,-37.29574016,B2IV, 2.70
HIP 53502,164.1791513,-37.1374629,K0III, 4.60
HIP 28010,88.87454313,-37.12060931,K1IIICN..., 4.97
HIP 93174,284.6811415,-37.10708855,F3IV/V, 4.83
HIP 85927,263.4021937,-37.10374835,B1.5IV+..., 1.62
HIP 35264,109.285684,-37.09748689,K3Ib, 2.71
HIP 93825,286.6043316,-37.06275714,F7IV-V, 4.23
HIP 87261,267.4643802,-37.04337105,K0/K1III, 3.19
HIP 75304,230.7890137,-36.85843627,B4V, 4.54
HIP 78918,241.6481513,-36.80221297,B2.5Vn, 4.22
HIP 89642,274.4072049,-36.76128103,M2III, 3.10
HIP 35363,109.5766704,-36.7339666,B2V+..., 4.65
HIP 65109,200.1502732,-36.71208109,A2V, 2.75
HIP 40706,124.6391383,-36.65953286,A4m..., 4.44
HIP 68933,211.6721861,-36.36869575,K0IIIb, 2.06
HIP 75177,230.4518186,-36.26116729,K5III, 3.57
HIP 17874,57.36367035,-36.2001125,G8III, 4.17
HIP 46515,142.3114062,-35.9513478,K3III, 4.51
HIP 40274,123.3730102,-35.89954225,B2ne, 4.78
HIP 27628,87.7398034,-35.76929225,K1.5III, 3.12
HIP 91918,281.0806646,-35.64192109,B2V, 4.86
HIP 23595,76.10129897,-35.48287057,K2III, 4.55
HIP 25859,82.8030645,-35.47043592,K1II/III, 3.86
HIP 42515,130.0255689,-35.30830091,G5II/III, 3.97
HIP 28199,89.38421613,-35.28330688,B2.5IV, 4.36
HIP 98412,299.9340597,-35.27624433,B2.5IV, 4.37
HIP 81304,249.0935872,-35.25535553,K5III, 4.18
HIP 72104,221.2466463,-35.19182069,A0V, 4.92
HIP 72010,220.9145146,-35.17322549,K3III, 4.06
HIP 29807,94.13806399,-35.14073157,G8II, 4.37
HIP 37096,114.3421666,-34.96857044,B8IV/V, 4.53
HIP 24659,79.37093064,-34.89438961,K0/K1III/IV, 4.81
HIP 56922,175.0534184,-34.7446553,B9V, 4.70
HIP 76945,235.6709881,-34.71033325,B5V, 4.75
HIP 80911,247.8455896,-34.70432087,B2III-IV, 4.24
HIP 67457,207.3614636,-34.45063035,M5III, 4.19
HIP 76705,234.9415619,-34.41189273,G8/K0III, 4.66
HIP 90185,276.0431097,-34.3843146,B9.5III, 1.79
HIP 32855,102.7181221,-34.36732059,K2/K3III, 4.99
HIP 82396,252.5426874,-34.29260982,K2IIIb, 2.29
HIP 83574,256.2056295,-34.12292247,B2Iab, 4.83
HIP 26634,84.91224975,-34.07404941,B7IV, 2.65
HIP 109289,332.1080337,-34.04372111,K4III, 4.99
HIP 20535,66.00902233,-34.01698632,K4III, 3.97
HIP 62683,192.6716124,-33.99926779,B9V, 4.90
HIP 57936,178.2273387,-33.90813014,Ap Si, 4.29
HIP 27810,88.2786848,-33.8014395,B5V, 4.88
HIP 20042,64.47341068,-33.79833145,B9V, 3.55
HIP 102831,312.4919979,-33.7796732,G8III, 4.89
HIP 77634,237.7397573,-33.62710488,B9.5III-IV, 3.97
HIP 30277,95.52852147,-33.43627251,G7II, 3.85
HIP 42828,130.8981145,-33.18641133,B1.5III, 3.68
HIP 40945,125.3459765,-33.05437199,K2/K3III, 4.83
HIP 67153,206.4231943,-33.04336606,F3V, 4.23
HIP 107380,326.2366159,-33.02555306,B9.5V, 4.35
HIP 2210,6.98213606,-33.0070446,M2/M3III, 4.86
HIP 67669,207.9567718,-32.99401625,B5, 4.32
HIP 109285,332.0956383,-32.98839827,A2V, 4.50
HIP 112948,343.1314913,-32.87545019,A0III, 4.46
HIP 30788,97.04257272,-32.58012947,B4V, 4.47
HIP 109422,332.535348,-32.54844042,F6V, 4.94
HIP 113246,343.9870501,-32.53970196,G8III, 4.20
HIP 115102,349.705945,-32.53183574,K1III, 4.41
HIP 32759,102.4602729,-32.50848752,B1.5IVne, 3.50
HIP 13147,42.27233113,-32.40628403,G8III, 4.45
HIP 111188,337.8762065,-32.34602798,A1V, 4.29
HIP 103738,315.322757,-32.25776681,G8III, 4.67
HIP 105140,319.4843606,-32.17248551,A0V, 4.71
HIP 98842,301.0815124,-32.05626941,K1III/IV, 4.99
HIP 17304,55.56207975,-31.93839587,B5III, 4.99
HIP 67786,208.3022846,-31.92758624,B4IV, 4.75
HIP 56343,173.2510794,-31.85752405,G8III, 3.54
HIP 87220,267.2936388,-31.70318435,B8Ib/II, 4.79
HIP 74604,228.6555245,-31.51912564,F3III, 4.91
HIP 51172,156.7881495,-31.06780228,K4III, 4.28
HIP 36514,112.677542,-30.96228313,G2Ib..., 4.65
HIP 21393,68.88779874,-30.56231049,G8III, 3.81
HIP 88635,271.4521859,-30.42365007,K0III, 2.98
HIP 38901,119.4171324,-30.33458703,A7III, 4.76
HIP 74857,229.457687,-30.14866233,K1II/III, 4.35
HIP 30122,95.07827982,-30.06337656,B2.5V, 3.02
HIP 93506,285.6530143,-29.88011429,A3IV, 2.60
HIP 85423,261.8386001,-29.86669942,F3III, 4.28
HIP 89931,275.2484234,-29.82803914,K3III, 2.72
HIP 76600,234.6641015,-29.77768935,B2.5V, 3.66
HIP 21248,68.3776229,-29.76583186,K0III, 4.49
HIP 113368,344.4117732,-29.62183701,A3V, 1.17
HIP 88567,271.2550938,-29.5800762,G0Ib/II, 4.66
HIP 42483,129.9270448,-29.56086189,G5III, 4.86
HIP 70753,217.0435139,-29.49157976,B7/B8V, 4.97
HIP 4577,14.65144118,-29.35746436,B7IIIp, 4.30
HIP 35904,111.023771,-29.30311979,B5Ia, 2.45
HIP 9677,31.12262534,-29.29683966,B9.5p (Si), 4.68
HIP 56280,173.0684061,-29.26137351,F8V, 4.93
HIP 78104,239.2211944,-29.21401221,B2IV/V, 3.87
HIP 14879,48.01783332,-28.98910623,F8V, 3.80
HIP 33579,104.6564445,-28.97208931,B2II, 1.50
HIP 37677,115.9519672,-28.9548352,A2Iab, 3.94
HIP 46026,140.8014014,-28.83392305,G8III, 4.71
HIP 79881,244.5746702,-28.61377598,A0V:, 4.80
HIP 88839,272.0206792,-28.45701627,K0IIICNpvar, 4.55
HIP 37648,115.8849819,-28.41095714,K5III, 4.63
HIP 36917,113.8455718,-28.36927798,B8V, 4.65
HIP 11918,38.4613017,-28.2323401,B9V, 4.96
HIP 81266,248.9706642,-28.21596156,B0V, 2.82
HIP 76470,234.2560775,-28.13507099,K3III, 3.60
HIP 117452,357.2311663,-28.1300148,A0V, 4.59
HIP 72571,222.5727779,-27.96021925,K3III, 4.42
HIP 33856,105.4297988,-27.93484165,K4III, 3.49
HIP 79404,243.0758822,-27.92631564,B2V, 4.58
HIP 35205,109.1458393,-27.88127313,M2III, 4.66
HIP 87072,266.8901128,-27.83076255,F7II, 4.53
HIP 47758,146.0505426,-27.76956287,A7V+..., 4.78
HIP 70306,215.7746157,-27.75373395,K3III, 4.78
HIP 43409,132.6333805,-27.71005869,K3III, 4.02
HIP 98688,300.6644137,-27.70987972,M4III, 4.43
HIP 43825,133.8813149,-27.68162589,A3IV, 4.87
HIP 93864,286.7351763,-27.66981416,K1/K2III, 3.32
HIP 51979,159.3074949,-27.41268661,M1III, 4.87
HIP 54204,166.3334693,-27.29359566,F3IV/V, 4.92
HIP 98162,299.2367704,-27.1698625,K3III, 4.54
HIP 111954,340.1638565,-27.0436148,B8V, 4.18
HIP 89678,274.5132831,-27.04263452,K3III, 4.66
HIP 92041,281.4139708,-26.9907794,B8.5III, 3.17
HIP 102978,312.9554008,-26.91912642,K4III, 4.12
HIP 37229,114.7078387,-26.8038924,B5IV, 3.80
HIP 35037,108.7027568,-26.77268601,B2IV/Ve, 4.01
HIP 68895,211.5927873,-26.68201883,K2III, 3.25
HIP 84405,258.838697,-26.60004896,K2:III:, 4.33
HIP 80763,247.351948,-26.43194608,M1Ib + B2.5V, 1.06
HIP 34444,107.0978585,-26.39320776,F8Ia, 1.83
HIP 34981,108.5634018,-26.35251617,B3III, 4.42
HIP 98066,298.959271,-26.29968718,G3/G5III, 4.70
HIP 92855,283.8163196,-26.29659428,B2.5V, 2.05
HIP 98353,299.7382347,-26.19582739,G8II/III, 4.84
HIP 78265,239.7130028,-26.1140428,B1V + B2V, 2.89
HIP 45902,140.3733284,-25.96541642,M0III, 4.71
HIP 38070,117.0215621,-25.93718054,B1IV:nne, 4.40
HIP 48559,148.5518273,-25.93248205,K2III, 4.87
HIP 78650,240.8361124,-25.86514891,K3III, 4.96
HIP 44824,137.0119052,-25.85853691,K4/K5III, 4.62
HIP 77635,237.7448068,-25.75123489,B1.5Vn, 4.63
HIP 80112,245.2971772,-25.59275259,B1III, 2.90
HIP 90496,276.9927896,-25.42124732,K1IIIb, 2.82
HIP 37173,114.5751975,-25.36478805,B8IV, 4.69
HIP 77840,238.403035,-25.32708018,B2.5Vn, 4.59
HIP 73714,226.0177579,-25.28185602,M3/M4III, 3.25
HIP 102485,311.5240255,-25.27051682,F5V, 4.13
HIP 94643,288.8849882,-25.25660677,K0/K1III+.., 4.86
HIP 80815,247.5519913,-25.11515935,B3V, 4.79
HIP 104234,316.7820227,-25.00574796,K5/M0III, 4.49
HIP 84970,260.5024337,-24.99948797,B2IV, 3.27
HIP 35415,109.6770328,-24.95438447,O9Ib, 4.37
HIP 96465,294.1766211,-24.88356664,B8/B9V, 4.59
HIP 38170,117.3235781,-24.85978401,G6Ia, 3.34
HIP 59199,182.1031361,-24.72877993,F0IV/V, 4.02
HIP 18216,58.42784574,-24.61221253,B5V, 4.64
HIP 35412,109.6682534,-24.55870761,O7f, 4.88
HIP 39757,121.886259,-24.30443677,F2mF5IIp, 2.83
HIP 33152,103.5331452,-24.18422296,K3Iab, 3.89
HIP 85340,261.5925724,-24.17502346,A3IV:m, 4.16
HIP 80079,245.1590976,-24.16928427,A4II/III, 4.55
HIP 18673,59.98115045,-24.01625677,Ap Si, 4.62
HIP 85755,262.8539619,-23.96258036,A0V, 4.78
HIP 47592,145.5611314,-23.91620867,G0V, 4.93
HIP 33977,105.7561399,-23.83330131,B3Ia, 3.02
HIP 76742,235.0704389,-23.81805841,K3III, 4.97
HIP 88116,269.9481531,-23.81601126,B9V, 4.74
HIP 114119,346.6700303,-23.7431168,G8III, 4.48
HIP 89153,272.9305333,-23.70116777,K0III, 4.96
HIP 14146,45.59830468,-23.62433613,A4V, 4.08
HIP 47522,145.3209415,-23.59152139,B5V, 4.76
HIP 80473,246.3963381,-23.44711764,B2V, 4.57
HIP 31125,97.96403433,-23.41843727,B1III, 4.34
HIP 61359,188.5968086,-23.39662306,G5II, 2.65
HIP 35210,109.153487,-23.31560155,K4III, 4.83
HIP 17651,56.71245432,-23.248438,F3/F5V, 4.22
HIP 64962,199.7302224,-23.17141246,G8III, 2.99
HIP 64166,197.2636792,-23.11797275,K0III, 4.94
HIP 36431,112.4642256,-23.02429924,A6Ib/II, 4.85
HIP 31416,98.76408302,-22.96483318,A0III, 4.54
HIP 38835,119.2148262,-22.88014849,F7/F8II, 4.20
HIP 54682,167.9145262,-22.82560642,A1V, 4.46
HIP 92761,283.542397,-22.7448202,K1II, 4.86
HIP 78401,240.0833823,-22.62162024,B0.2IV, 2.29
HIP 59316,182.5313577,-22.61979211,K2III, 3.02
HIP 9061,29.16732782,-22.52671153,K3III, 4.92
HIP 15382,49.59206509,-22.51114978,K0III, 4.86
HIP 114375,347.4786538,-22.45759248,A3IV:, 4.71
HIP 27072,86.11656241,-22.44748663,F7V, 3.59
HIP 105881,321.6667821,-22.41137838,G4Ibp..., 3.77
HIP 23685,76.36521705,-22.37085673,K4III, 3.19
HIP 46371,141.826239,-22.3434176,K1III, 4.72
HIP 36795,113.5133581,-22.29618077,F6V, 4.44
HIP 106039,322.1804835,-21.80716659,K0III, 4.50
HIP 15474,49.87904033,-21.7579421,M3/M4III, 3.70
HIP 93683,286.1705577,-21.74135451,K0III, 3.76
HIP 86736,265.857729,-21.68308566,F6/F7V, 4.86
HIP 16611,53.44686638,-21.63281597,B9V, 4.26
HIP 80975,248.0341108,-21.46647783,Ap, 4.45
HIP 24927,80.11213225,-21.23973932,A0V, 4.70
HIP 114341,347.3615088,-21.17248555,K1III, 3.68
HIP 84893,260.2508762,-21.11243499,F2/F3V, 4.39
HIP 93085,284.4324156,-21.10662433,G8/K0II/III, 3.52
HIP 9347,30.0009367,-21.07777193,K5/M0III, 3.99
HIP 89341,273.4408696,-21.05883031,B2III:, 3.84
HIP 94141,287.440974,-21.02352534,F2II/III, 2.88
HIP 13288,42.75977464,-21.0039789,K0III, 4.76
HIP 116247,353.3192713,-20.91452506,A0V, 4.70
HIP 27654,87.82980343,-20.87751376,G8III/IV, 3.76
HIP 78990,241.8512506,-20.8686541,G6/G8III, 4.31
HIP 25606,82.06135971,-20.75923214,G5II, 2.81
HIP 78933,241.701802,-20.66913479,B1V, 3.93
HIP 115669,351.511739,-20.64186122,K4III, 4.38
HIP 90289,276.3376481,-20.54160918,A1/A2V, 4.81
HIP 33092,103.3871273,-20.22426366,B1Ib, 4.82
HIP 33302,103.905829,-20.13659348,F2IV/V, 4.66
HIP 115438,350.7429228,-20.10034505,K0III, 3.96
HIP 23362,75.35649111,-20.05188078,B9V, 4.91
HIP 80343,246.025822,-20.03721137,K0III, 4.48
HIP 104019,316.1013526,-19.85493122,A5V, 4.82
HIP 78820,241.3593121,-19.80539286,B0.5V, 2.56
HIP 78821,241.3607302,-19.80184191,B2V, 4.90
HIP 74392,228.0554674,-19.79163143,Asp..., 4.54
HIP 97290,296.5909135,-19.76089482,K0III, 4.87
HIP 76880,235.4867445,-19.67857446,K5III, 4.75
HIP 21763,70.11039135,-19.67125686,M3/M4III, 4.32
HIP 106723,324.2700949,-19.46601352,B3V:p, 4.51
HIP 79374,242.9989188,-19.46064684,B2IV, 4.00
HIP 31592,99.17082883,-19.25570928,K1III+..., 3.95
HIP 39906,122.2568477,-19.24500094,B5V, 4.40
HIP 35727,110.5563752,-19.01658444,B5II/III, 4.94
HIP 48615,148.7176546,-19.00926985,K5III, 4.94
HIP 94820,289.4086899,-18.95288215,K0III, 4.88
HIP 1170,3.66013628,-18.93268628,M1III, 4.44
HIP 107188,325.6642385,-18.86630105,G8III, 4.72
HIP 112211,340.8968856,-18.83030716,K3III, 4.68
HIP 12843,41.27492276,-18.57265077,F5/F6V, 4.47
HIP 80569,246.7559929,-18.45619698,B2Vne, 4.22
HIP 39095,119.9668965,-18.39914242,A1V, 4.61
HIP 57283,176.1906623,-18.35061467,G8III, 4.71
HIP 64924,199.60405,-18.30861062,G5V, 4.74
HIP 53740,164.9447866,-18.29909723,K1III, 4.08
HIP 31700,99.47260802,-18.23745713,K0II/III, 4.42
HIP 67494,207.468102,-18.13407618,K0III, 4.96
HIP 3419,10.89678452,-17.9866841,K0III, 2.04
HIP 30324,95.6749475,-17.95591658,B1II/III, 1.98
HIP 95168,290.4182304,-17.84725155,F0III/IV, 3.92
HIP 25985,83.18255798,-17.82229227,F0Ib, 2.58
HIP 116901,355.4408226,-17.81653327,G2Ib/II, 4.82
HIP 101027,307.2150986,-17.81366828,F3V, 4.77
HIP 81724,250.3933179,-17.74216462,G8II/III, 4.91
HIP 55705,171.2207634,-17.68401748,A9V, 4.06
HIP 59803,183.9519494,-17.5419837,B8III, 2.58
HIP 301,0.93488487,-17.33597002,B9IVn, 4.55
HIP 104139,316.4865808,-17.23271095,A1V, 4.08
HIP 33347,104.0342764,-17.05424675,B3Ib/II, 4.36
HIP 52085,159.6458878,-16.87663687,G8III, 4.91
HIP 51069,156.5229377,-16.83609584,K4III, 3.83
HIP 105515,320.5615726,-16.83455521,G8III, 4.28
HIP 77853,238.4561544,-16.7296223,K0III, 4.13
HIP 32349,101.2885411,-16.71314306,A0m...,-1.44
HIP 106985,325.0222594,-16.66225343,A7III:mp..., 3.69
HIP 80894,247.7849789,-16.61264015,G8/K0III, 4.29
HIP 60965,187.4665965,-16.51509397,B9.5V, 2.94
HIP 28816,91.24638576,-16.48442713,Ap shell, 4.92
HIP 69269,212.7103479,-16.30200362,M1III, 4.93
HIP 24305,78.2328046,-16.20542901,B9IV: HgMn, 3.29
HIP 61174,188.0186865,-16.19586556,F2V, 4.30
HIP 52943,162.405967,-16.19413208,K0/K1III, 3.11
HIP 107556,326.759522,-16.12656595,A5mF2 (IV), 2.85
HIP 72622,222.7199054,-16.04161047,A3IV, 2.75
HIP 65639,201.863492,-15.97363075,K1IIICN..., 4.76
HIP 95176,290.4317584,-15.95500233,F2p, 4.52
HIP 42662,130.4305582,-15.94314865,K0IIICN..., 4.87
HIP 8102,26.02136441,-15.93955597,G8V, 3.49
HIP 113136,343.6626635,-15.82075994,A3V, 3.27
HIP 40259,123.3332293,-15.78821451,G5Ib/II, 4.99
HIP 84012,257.5944266,-15.72514757,A2.5Va, 2.43
HIP 34045,105.9395549,-15.63325876,B8II, 4.11
HIP 910,2.81628415,-15.46732287,F5V, 4.89
HIP 86263,264.3967718,-15.39840835,F0IIIp, 3.54
HIP 37379,115.0967169,-15.26385208,K3III, 4.98
HIP 11783,38.02198846,-15.2443199,F5V, 4.74
HIP 28910,91.53889172,-14.93528629,A0V, 4.67
HIP 48356,147.8695103,-14.84654997,G6/G8III, 4.11
HIP 27288,86.73895728,-14.82194717,A2Vann, 3.55
HIP 76333,233.881414,-14.78955365,K0III, 3.91
HIP 100345,305.2526935,-14.78140119,A5:n, 3.05
HIP 55282,169.835511,-14.77904358,K0III, 3.56
HIP 6670,21.40503869,-14.59875437,K2III, 4.90
HIP 90595,277.299383,-14.56580499,A1IV/V, 4.67
HIP 116971,355.6803536,-14.54474243,B9V, 4.49
HIP 36773,113.4498661,-14.52390109,A4Ia, 4.82
HIP 21594,69.54529558,-14.303587,K1III, 3.86
HIP 78207,239.5474012,-14.27931773,B8Ia/Iab, 4.95
HIP 116758,354.9459868,-14.22204281,A7IV, 4.97
HIP 28103,89.10132627,-14.16803805,F1V, 3.71
HIP 31827,99.81965168,-14.14574673,K2III, 4.82
HIP 109139,331.6091889,-13.86954013,B8V, 4.29
HIP 12770,41.03064356,-13.85867594,B7IV, 4.24
HIP 112716,342.3979576,-13.59253756,K5III, 4.05
HIP 43067,131.5938644,-13.54770494,G8III, 4.32
HIP 18543,59.50720862,-13.50824471,M1IIIb Ca-1, 2.97
HIP 52009,159.3885311,-13.38445095,C, 4.89
HIP 69974,214.7775077,-13.37116634,A1V, 4.52
HIP 24845,79.89385817,-13.17677698,B0.5IV, 4.29
HIP 49402,151.2812186,-13.06467435,B8V, 4.60
HIP 24327,78.30785422,-12.94128833,B7V, 4.36
HIP 40084,122.8180055,-12.92701835,K0III, 4.72
HIP 86565,265.3538188,-12.87517268,A2Va, 4.24
HIP 84880,260.2068148,-12.846882,A0/A1V, 4.32
HIP 100310,305.1658615,-12.75904403,B9IV, 4.77
HIP 100064,304.5134103,-12.54485877,G6/G8III, 3.58
HIP 23231,74.98213784,-12.5372045,F0V, 4.78
HIP 100027,304.4119005,-12.50821403,G3Ib, 4.30
HIP 42509,130.0063307,-12.47537441,K3III, 4.98
HIP 49841,152.6474879,-12.35383921,K0III, 3.61
HIP 11345,36.48755111,-12.290452,A0V, 4.88
HIP 21644,69.72330721,-12.12307828,A0V, 4.99
HIP 17593,56.53542672,-12.1017353,M1III, 4.43
HIP 33160,103.5478363,-12.03859273,K4III, 4.08
HIP 45751,139.9433282,-11.97488214,G8III, 4.77
HIP 12390,39.89054885,-11.87158159,F5V, 4.83
HIP 24244,78.07453075,-11.86914287,B8V, 4.45
HIP 78727,241.090125,-11.37355556,F6IV, 4.16
HIP 104459,317.3983034,-11.37165474,G8III, 4.50
HIP 65474,201.2983523,-11.16124491,B1V, 0.98
HIP 55687,171.1525225,-10.85938276,K5III, 4.81
HIP 82369,252.4582214,-10.78280069,F7IV, 4.64
HIP 8497,27.39662961,-10.68618074,F3III, 4.66
HIP 111123,337.6617292,-10.67788619,A0IVs, 4.82
HIP 3455,11.04752272,-10.60927365,K0IIIvar, 4.77
HIP 28574,90.46010757,-10.59793918,B5III, 4.92
HIP 81377,249.2897085,-10.5671518,O9.5V, 2.54
HIP 355,1.1255098,-10.50949443,K3Ibvar, 4.99
HIP 8645,27.86504416,-10.33494526,K2III, 3.74
HIP 75379,231.0497089,-10.32189476,F5IV, 4.92
HIP 69427,213.2239209,-10.274044,K3III, 4.18
HIP 19777,63.59872149,-10.2558889,K3III, 4.87
HIP 5364,17.14693197,-10.181928,K2III, 3.46
HIP 79375,243.0000065,-10.06418514,A3IV, 4.93
HIP 76219,233.5438322,-10.06395962,K1IV, 4.61
HIP 56633,174.1706188,-9.80225368,B9.5Vn, 4.70
HIP 88048,269.7566566,-9.77334973,K0III, 3.32
HIP 17378,55.81231706,-9.76519868,K0IV, 3.52
HIP 27366,86.93911641,-9.66960186,B0.5Iavar, 2.07
HIP 115115,349.7402122,-9.610731,A0V, 4.99
HIP 45811,140.1209416,-9.55562948,F5V+..., 4.80
HIP 37447,115.3119861,-9.55108315,K0III, 3.94
HIP 62985,193.5882255,-9.53894647,M3IIIvar, 4.77
HIP 102618,311.9188857,-9.49568988,A1V, 3.78
HIP 16537,53.23509009,-9.45830584,K2V, 3.72
HIP 74785,229.2519659,-9.38286694,B8V, 2.61
HIP 115033,349.4758484,-9.1824899,B5Vn, 4.41
HIP 114855,348.9719873,-9.08769554,K0III, 4.24
HIP 91726,280.5684255,-9.05255357,F2IIIp d Del, 4.70
HIP 103045,313.1633575,-8.98323782,A3m, 4.73
HIP 90135,275.9148076,-8.93451038,K0III, 4.66
HIP 13701,44.10668245,-8.89760976,K1III-IV, 3.89
HIP 1562,4.85701265,-8.82382948,K2III, 3.56
HIP 15197,48.95844499,-8.8198405,A5m, 4.80
HIP 23972,77.28659571,-8.75407607,B2IVn, 4.25
HIP 46390,141.8968826,-8.65868335,K3III, 1.99
HIP 73473,225.2432819,-8.51893488,B9.5V, 4.91
HIP 80628,246.9509456,-8.37170055,A3m, 4.62
HIP 91845,280.8801675,-8.27524299,G8II, 4.88
HIP 91117,278.8018244,-8.24330819,K2III, 3.85
HIP 24436,78.63446353,-8.20163919,B8Ia, 0.18
HIP 6537,21.00604671,-8.18275372,K0III, 3.60
HIP 88404,270.7704615,-8.18025785,F5V+..., 4.77
HIP 86284,264.4613324,-8.11872126,B8II-IIIMNp, 4.58
HIP 61740,189.8117186,-7.99550439,K2III, 4.66
HIP 106786,324.4376752,-7.85414212,A7V, 4.68
HIP 25247,80.98681839,-7.80795569,G8III, 4.13
HIP 110003,334.2081933,-7.78323706,G8III-IV, 4.17
HIP 114939,349.2122937,-7.72646619,M3III, 4.93
HIP 19849,63.8234923,-7.64455846,K1V, 4.43
HIP 112961,343.1536019,-7.57967878,M2IIIvar, 3.73
HIP 25923,82.98275119,-7.30152625,B0V, 4.62
HIP 42835,130.9182513,-7.23372781,G2Ib, 4.63
HIP 26563,84.72121589,-7.21270844,A4V, 4.77
HIP 23364,75.35977051,-7.17397802,B3V, 4.80
HIP 30867,97.20447548,-7.03305042,B3Ve, 3.76
HIP 96483,294.2227024,-7.02747069,B0.5III, 4.93
HIP 24674,79.40166225,-6.84438616,B5III, 3.59
HIP 19587,62.96638834,-6.8377787,F2II-III, 4.04
HIP 29651,93.71390194,-6.27472737,K3III, 3.99
HIP 66006,202.9914418,-6.25571065,M3III, 4.68
HIP 114724,348.5805522,-6.0485268,M2III, 4.22
HIP 154,0.48996506,-6.01397169,M3III, 4.37
HIP 26199,83.76117163,-6.00202867,B0.5V, 4.78
HIP 69701,214.0036872,-5.99952622,F7V, 4.07
HIP 26241,83.85825475,-5.90989984,O9III, 2.75
HIP 93026,284.2651422,-5.84621426,K1III, 4.83
HIP 93429,285.4201724,-5.73901832,K1IIIvar, 4.02
HIP 443,1.33394073,-5.70783255,K1III, 4.61
HIP 71957,220.7648428,-5.6574291,F2III, 3.87
HIP 106278,322.8896695,-5.57115593,G0Ib, 2.90
HIP 64238,197.4875502,-5.53892987,A1V, 4.38
HIP 22701,73.2236682,-5.45275591,A9IV, 4.36
HIP 26235,83.84541591,-5.41606331,O9.5Vpe, 4.98
HIP 95066,290.1368259,-5.41587489,G8III-IV..., 4.98
HIP 26220,83.81592896,-5.38731536,O7, 4.98
HIP 85365,261.6580627,-5.08649188,F3V, 4.53
HIP 23875,76.96264146,-5.08626282,A3IIIvar, 2.78
HIP 16341,52.65437447,-5.07516332,B9Vs, 4.74
HIP 102624,311.9343246,-5.02760303,M3IIIvar, 4.43
HIP 93805,286.5622914,-4.88233456,B9Vn, 3.43
HIP 26237,83.84650694,-4.83834045,B2III..., 4.58
HIP 92175,281.7936556,-4.74782871,G5II..., 4.22
HIP 79882,244.5801699,-4.69260809,G8III, 3.23
HIP 73165,224.29607,-4.34608634,F0V, 4.47
HIP 33971,105.728248,-4.23923814,B1V, 4.99
HIP 34622,107.5570079,-4.23763568,K0III, 4.91
HIP 83262,255.2651063,-4.22245426,K4III, 4.82
HIP 41307,126.4152955,-3.90636482,A0V, 3.91
HIP 79593,243.586526,-3.69397562,M1III, 2.73
HIP 88175,270.1205018,-3.69016112,F3V, 4.62
HIP 7999,25.68132047,-3.69011692,K3II-III, 4.98
HIP 39079,119.934103,-3.67957835,K2III, 4.93
HIP 55084,169.1656837,-3.65151412,A7IVn, 4.45
HIP 118209,359.6683774,-3.55580738,G9III, 4.88
HIP 77516,237.4052738,-3.43014112,A0V, 3.54
HIP 21444,69.07975243,-3.352448,B2III SB, 3.93
HIP 22109,71.37558764,-3.25462465,B5IV, 4.01
HIP 28413,90.01393918,-3.07407681,K2IIIvar, 4.53
HIP 56127,172.5786742,-3.00345887,K4III, 4.77
HIP 39863,122.1485736,-2.98377649,G2Ib, 4.36
HIP 18255,58.57286091,-2.95473348,G8III, 4.46
HIP 30093,94.9983516,-2.94449028,M1III, 4.91
HIP 89962,275.3288358,-2.897122,K0III-IV, 3.23
HIP 101101,307.4123278,-2.8854763,K2III, 4.91
HIP 46509,142.2868282,-2.76895627,F6V, 4.59
HIP 26549,84.68652211,-2.60006791,O9.5V..., 3.77
HIP 101692,309.1817794,-2.54991814,K5II, 4.91
HIP 53907,165.4569537,-2.48449705,K5III, 4.73
HIP 25281,81.11923774,-2.39713844,B1V + B2, 3.35
HIP 72631,222.7542505,-2.29884995,G8..., 4.93
HIP 70755,217.0509181,-2.22795009,G2III, 4.81
HIP 108874,330.8284569,-2.15533588,B7IVe, 4.74
HIP 26727,85.18968672,-1.94257841,O9.5Ib SB, 1.74
HIP 61941,190.4166756,-1.44952231,F0V+..., 2.74
HIP 39211,120.3054016,-1.39242418,K4III, 4.69
HIP 110395,335.4137498,-1.38735315,A0V, 3.86
HIP 96468,294.1803189,-1.28655047,B5III, 4.36
HIP 26311,84.05338572,-1.20191725,B0Ia, 1.69
HIP 46776,142.9955615,-1.18465438,A3V, 4.54
HIP 4147,13.25204382,-1.1442206,M0III, 4.78
HIP 47431,144.9638916,-1.14265722,K3IIIvar, 3.90
HIP 26736,85.21131577,-1.12878569,B2IV-V, 4.95
HIP 101847,309.5844729,-1.10507951,G8III SB, 4.31
HIP 25737,82.43325647,-1.09217557,K5III, 4.71
HIP 56647,174.2372077,-0.82385424,G9III, 4.30
HIP 99473,302.8261033,-0.82147569,B9.5III, 3.24
HIP 60129,184.976631,-0.66674709,A2IV, 3.89
HIP 66249,203.673978,-0.59593821,A3V, 3.38
HIP 34769,107.9660849,-0.49278056,A2V, 4.15
HIP 84514,259.15294,-0.44514192,K2III, 4.72
HIP 25044,80.4406153,-0.38246922,B2IV-V, 4.72
HIP 49641,151.9845649,-0.37162786,A0III, 4.48
HIP 109074,331.4459387,-0.31982656,G2Ib, 2.95
HIP 25930,83.00166562,-0.2990934,O9.5II, 2.25
HIP 111497,338.8388705,-0.11736123,B9IV-Vn, 4.04
HIP 21139,67.96945612,-0.04399115,K3II-III, 4.91
HIP 110960,337.2075023,-0.02006304,F3III-IV, 3.65
HIP 12387,39.87061789,0.3285168,B2IV, 4.08
HIP 95585,291.6295403,0.33857566,F2Ib, 4.64
HIP 16852,54.21882896,0.40283316,F9V, 4.29
HIP 97804,298.1181826,1.00567827,F6Ibv SB, 3.87
HIP 80179,245.5185001,1.02892219,F0V, 4.82
HIP 115738,351.7329388,1.25583758,A0p, 4.95
HIP 88290,270.4382897,1.30510936,A2Vn, 4.42
HIP 110672,336.3192186,1.37739245,B1Ve, 4.80
HIP 26885,85.61943491,1.47466498,K1III, 4.90
HIP 68520,210.4115965,1.54458338,A3V, 4.23
HIP 23123,74.63709525,1.71403506,K2IIvar, 4.47
HIP 57757,177.6720255,1.76537705,F8V, 3.59
HIP 116928,355.5120074,1.7804172,A7V, 4.49
HIP 25302,81.18677704,1.84644611,B1V:pe, 4.89
HIP 27750,88.11017813,1.8551579,K2IIvar, 4.76
HIP 72220,221.5624659,1.8929383,A0V, 3.73
HIP 80883,247.7285051,1.98410056,A2V, 3.82
HIP 73620,225.7252916,2.09127129,K0III, 4.39
HIP 45336,138.5908053,2.31502422,B9.5V, 3.89
HIP 39311,120.566472,2.33431429,K2III, 4.39
HIP 69389,213.06596,2.40949613,B9p Si, 4.99
HIP 32578,101.9652368,2.41218914,K0III, 4.48
HIP 22797,73.5628985,2.44067149,B2III SB, 3.71
HIP 88601,271.3633868,2.50243928,K0V SB, 4.03
HIP 87108,266.9732252,2.70745875,A0V, 3.75
HIP 9487,30.51166929,2.76376048,A2, 3.82
HIP 55945,171.9842912,2.85629071,G8II-III, 4.95
HIP 24331,78.32283171,2.86125346,K3III..., 4.46
HIP 88192,270.1613147,2.93158759,B5Ib, 3.93
HIP 25473,81.70928405,3.09567718,B2IV, 4.59
HIP 95501,291.3739694,3.11457923,F0IV, 3.36
HIP 8833,28.38890233,3.18747844,K0III SB, 4.61
HIP 12706,40.82551897,3.23617162,A3V, 3.47
HIP 114971,349.2895568,3.28224524,G7III, 3.70
HIP 60172,185.0881357,3.31272688,K1III, 4.97
HIP 42402,129.6893699,3.34147477,K2III, 4.45
HIP 15457,49.83974536,3.36997055,G5Vvar, 4.84
HIP 89918,275.2169255,3.37714467,G8III, 4.85
HIP 63090,193.9020137,3.39759862,M3III, 3.39
HIP 42799,130.8061932,3.39866539,B3V..., 4.30
HIP 117245,356.5980705,3.48687164,C5II, 4.95
HIP 25142,80.7083388,3.54444809,B1V, 4.99
HIP 53807,165.1401644,3.61753351,K1III, 4.84
HIP 66200,203.5329387,3.65902506,A1p SrCrEu, 4.92
HIP 113889,345.9691938,3.82006998,B6Ve, 4.48
HIP 14135,45.56991279,4.08992539,M2III, 2.54
HIP 26594,84.79644123,4.12146667,B3IIIe, 4.50
HIP 85355,261.628665,4.14034239,K3IIvar, 4.34
HIP 92951,284.060887,4.20205672,A5Vn, 4.98
HIP 92946,284.0548348,4.20352956,A5V, 4.62
HIP 88149,270.0658232,4.36864674,B2Ve, 4.79
HIP 77622,237.7037134,4.4775798,A2m, 3.71
HIP 86742,265.8682371,4.56691684,K2III, 2.76
HIP 30419,95.94207368,4.59283881,A5IV, 4.39
HIP 47310,144.6141046,4.64941422,K3III, 4.68
HIP 110882,336.9644877,4.6964107,K0III, 4.78
HIP 109068,331.4195499,5.05828453,K4III, 4.86
HIP 44659,136.493241,5.09234249,K2II-III, 4.99
HIP 37279,114.8272419,5.22750767,F5IV-V, 0.40
HIP 104987,318.9558198,5.2480739,G0III+..., 3.92
HIP 64852,199.4011954,5.46984502,M2III, 4.78
HIP 7884,25.35794814,5.48760445,K3III, 4.45
HIP 12093,38.9687042,5.59330163,G8III, 4.87
HIP 22549,72.80152507,5.60510146,B2III SB, 3.68
HIP 116771,354.9867513,5.62735374,F7V, 4.13
HIP 42313,129.4141974,5.70379868,A1Vnn, 4.14
HIP 43234,132.1082535,5.83788486,A0Vn, 4.35
HIP 43813,133.8486869,5.9455277,G8III-IV, 3.11
HIP 25813,82.69603301,5.94821792,B5V, 4.20
HIP 18907,60.78907003,5.98930909,A1V, 3.91
HIP 55434,170.2843673,6.02935289,B9.5Vs, 4.05
HIP 53824,165.1868014,6.10150342,A5III, 4.98
HIP 7007,22.54559597,6.14393314,K4III, 4.84
HIP 109427,332.549249,6.197789,A2V, 3.52
HIP 25336,81.28278416,6.34973451,B2III, 1.64
HIP 115830,351.9923659,6.37909727,K1III, 4.27
HIP 98036,298.8281923,6.40793334,G8IVvar, 3.71
HIP 43109,131.6943593,6.41890691,G0III-IV, 3.38
HIP 77070,236.0666491,6.42551971,K2III, 2.63
HIP 57380,176.4648773,6.52981394,M0III, 4.04
HIP 58590,180.2182929,6.61439464,A5V, 4.65
HIP 118268,359.8275099,6.86359373,F4IV, 4.03
HIP 22449,72.45890935,6.96124744,F6V, 3.19
HIP 31216,98.22595658,7.33297921,A0Ib, 4.47
HIP 54182,166.2551246,7.33612254,F2III-IVvar, 4.62
HIP 77257,236.6114412,7.35323973,G0Vvar, 4.42
HIP 96229,293.5217823,7.37931918,K3III, 4.45
HIP 27989,88.79287161,7.40703634,M2Ib, 0.45
HIP 3786,12.17039736,7.58520186,K5III, 4.44
HIP 4906,15.73606615,7.89007256,K0III, 4.27
HIP 32533,101.8326847,8.03728277,K4III, 4.77
HIP 49029,150.0534347,8.04427686,M2III, 4.68
HIP 71832,220.4114855,8.16175611,G8IIIvar, 4.86
HIP 57328,176.3208533,8.25817475,A4V, 4.84
HIP 36188,111.7878012,8.28940893,B8Vvar, 2.89
HIP 70327,215.8447503,8.44664037,A0V, 4.86
HIP 11484,37.03965786,8.4600887,B9III, 4.30
HIP 97938,298.5617574,8.46165027,K0III, 4.71
HIP 58948,181.30279,8.73284563,G8III, 4.12
HIP 88765,271.8264764,8.73379361,G8III-IV, 4.64
HIP 113186,343.8067681,8.81609536,A1V, 4.91
HIP 10324,33.25004577,8.8467523,G8II:, 4.36
HIP 97649,297.6945086,8.86738491,A7IV-V, 0.76
HIP 19860,63.88352173,8.89240989,B3IV, 4.27
HIP 22509,72.65300943,8.90025258,A1Vn, 4.35
HIP 13954,44.92873469,8.90740111,B6III, 4.71
HIP 36284,112.0409561,8.92550376,K3III SB, 4.33
HIP 15900,51.20349011,9.02906504,G8III, 3.61
HIP 8198,26.34828629,9.15764102,K0III, 4.26
HIP 40526,124.128951,9.18566295,K4III, 3.53
HIP 19740,63.48496228,9.26389844,G5III, 4.84
HIP 36041,111.412078,9.27611835,G8III, 4.99
HIP 26366,84.22637775,9.291412,G8III-IV, 4.09
HIP 51624,158.2028131,9.30659431,B1Ib SB, 3.84
HIP 83000,254.4177942,9.37505626,K2IIIvar, 3.19
HIP 114144,346.751066,9.40952259,M2III, 4.54
HIP 26176,83.70515764,9.48958528,B0IV..., 4.39
HIP 88771,271.8375861,9.56365345,A4IVs, 3.71
HIP 28614,90.59579323,9.64736756,Am..., 4.12
HIP 16083,51.79217049,9.7327724,B9Vn, 3.73
HIP 107315,326.0464181,9.87500791,K2Ibvar, 2.38
HIP 47508,145.2879912,9.89239902,A5V+..., 3.52
HIP 31978,100.244421,9.89576021,O7, 4.66
HIP 26207,83.78449043,9.93416294,O..., 3.39
HIP 49637,151.9763285,9.99766389,K4III, 4.39
HIP 104858,318.6199588,10.00771855,F5V+..., 4.47
HIP 12828,41.23488901,10.11421979,F1III-IV, 4.27
HIP 104521,317.5852962,10.13194861,F0p, 4.70
HIP 22845,73.7237672,10.15114511,A0V, 4.64
HIP 21402,68.91347315,10.16091706,A5m, 4.25
HIP 82673,253.5020974,10.16544339,B8V, 4.39
HIP 61960,190.4708648,10.23584294,A0V, 4.88
HIP 55642,170.9807033,10.52969772,F2IV SB, 4.00
HIP 76276,233.7007926,10.53885916,F0IV, 3.80
HIP 97278,296.5648757,10.61326869,K3II, 2.72
HIP 112029,340.3653118,10.83139111,B8.5V, 3.41
HIP 63608,195.5448356,10.95910186,G8IIIvar, 2.85
HIP 46771,142.9866346,11.3000307,K0IIIvar, 4.99
HIP 101421,308.3031866,11.30333217,B6III, 4.03
HIP 81008,248.1516594,11.48823391,K4III, 4.84
HIP 44066,134.6216541,11.85777198,A5m, 4.26
HIP 49669,152.0935808,11.96719513,B7V, 1.36
HIP 36425,112.4490921,12.00661101,K2III, 4.55
HIP 112447,341.672673,12.17408381,F7V, 4.20
HIP 110386,335.3794638,12.20517262,B2IV-V, 4.82
HIP 18724,60.17008591,12.49037571,B3V + A, 3.41
HIP 21589,69.53917371,12.51087423,A6V, 4.27
HIP 86032,263.7333532,12.56057584,A5III, 2.08
HIP 27511,87.38726446,12.65136584,B9IV, 4.89
HIP 83613,256.3444175,12.74085469,A4IV, 4.89
HIP 115919,352.2885846,12.76049243,G8III, 4.54
HIP 32362,101.3226398,12.89605513,F5IV, 3.35
HIP 16369,52.71819576,12.93668186,K0II-III..., 4.14
HIP 33202,103.6608077,13.17801628,F0Vp, 4.73
HIP 32249,100.9970586,13.22814319,K1III, 4.49
HIP 22957,74.09300449,13.51457755,K2III, 4.06
HIP 71795,220.2871682,13.72833113,A3IVn, 3.78
HIP 65721,202.1081267,13.78018777,G5V, 4.97
HIP 93747,286.3525518,13.86370983,A0Vn, 2.99
HIP 80463,246.3538732,14.03341514,B9p Cr, 4.57
HIP 83430,255.7827333,14.0921003,M3III, 4.97
HIP 29426,92.98498656,14.20881425,B3IV, 4.45
HIP 22667,73.13318214,14.25077828,M3Sv, 4.71
HIP 84345,258.6619269,14.39025314,M5IIvar, 2.78
HIP 57632,177.2661598,14.57233687,A3Vvar, 2.14
HIP 101769,309.3869573,14.59520289,F5IV, 3.64
HIP 101589,308.8271174,14.67418482,A3V, 4.64
HIP 20732,66.65156991,14.71385764,G8III, 4.69
HIP 29038,91.89300774,14.76852318,B3IV, 4.42
HIP 21273,68.46189659,14.84448749,A8V, 4.65
HIP 93244,284.9057884,15.06847757,K2III, 4.02
HIP 102281,310.8647738,15.07468224,A7IIIp d Del, 4.43
HIP 1067,3.30895828,15.18361593,B2IV, 2.83
HIP 99742,303.5691067,15.19746767,A2V, 4.94
HIP 113963,346.1900702,15.20536786,B9.5III, 2.49
HIP 7097,22.87080776,15.34583101,G8III, 3.62
HIP 23607,76.1422432,15.40418059,A0p Si, 4.65
HIP 77233,236.5467288,15.42192602,A3V, 3.65
HIP 54879,168.5601704,15.4297631,A2V, 3.33
HIP 24010,77.42483084,15.59727157,F2IV, 4.81
HIP 20713,66.58613217,15.6183462,F0V..., 4.48
HIP 20205,64.94805793,15.62770031,G8III, 3.65
HIP 78072,239.112476,15.66473327,F6V, 3.85
HIP 67459,207.3695744,15.79780583,K5IIIvar, 4.05
HIP 20894,67.16531219,15.8709468,A7III, 3.40
HIP 101958,309.909394,15.9120527,B9V, 3.77
HIP 21683,69.81854938,15.9180242,A5Vn, 4.67
HIP 20885,67.14346805,15.96221721,G7III, 3.84
HIP 102532,311.6646583,16.12477326,K1IV, 4.27
HIP 29434,93.01365054,16.13044684,B5Vn, 4.95
HIP 21029,67.63987124,16.19407556,A6IV, 4.78
HIP 70027,214.9388368,16.30680118,K3III, 4.84
HIP 20877,67.10985479,16.35962902,K2IIIvar, 4.96
HIP 31681,99.42792641,16.39941482,A0IV, 1.93
HIP 71762,220.181504,16.4183013,B9p MnHg, 4.49
HIP 21421,68.98000195,16.50976164,K5III, 0.87
HIP 26777,85.32381426,16.53418318,B3IV..., 4.84
HIP 35350,109.5233616,16.54047526,A3V..., 3.58
HIP 88128,270.0142528,16.75094481,K0II-III, 4.67
HIP 49583,151.8331395,16.76266572,A0Ib, 3.48
HIP 72125,221.3104051,16.96440296,K0III, 4.60
HIP 107348,326.1278772,17.35004352,G5Ib, 4.34
HIP 63355,194.7311079,17.40936063,M0III, 4.76
HIP 20542,66.02372401,17.44421161,A7V, 4.80
HIP 67275,206.8168194,17.45677436,F7V, 4.50
HIP 96837,295.2622238,17.47612356,G8II, 4.39
HIP 64241,197.4981226,17.52911621,F5V, 4.32
HIP 20455,65.73344722,17.5425843,G8III, 3.77
HIP 40167,123.0529535,17.64813756,G0V, 4.67
HIP 60202,185.1795548,17.79265307,G8III, 4.72
HIP 20648,66.37215593,17.92798917,A2IV, 4.30
HIP 96757,295.0240939,18.01393839,G0II, 4.39
HIP 77450,237.1850359,18.1417793,M1III, 4.09
HIP 42911,131.1712921,18.15486399,K0III, 3.94
HIP 92161,281.7550932,18.18122968,A5III, 4.34
HIP 67927,208.6713175,18.39858742,G0IV, 2.68
HIP 37908,116.5312238,18.51016877,K5III, 4.89
HIP 97365,296.8469384,18.53425912,M2II + B6, 3.68
HIP 25945,83.0531302,18.59424525,M2Ib, 4.32
HIP 23835,76.86115023,18.64500711,G4V, 4.91
HIP 72659,222.8470176,19.10063329,G8V + K4V, 4.54
HIP 80170,245.480182,19.15302185,A9III, 3.74
HIP 20889,67.15388879,19.18052092,K0III, 3.53
HIP 69673,213.918114,19.18726997,K2IIIp,-0.05
HIP 8832,28.38235506,19.29409264,A1p Si, 3.88
HIP 50564,154.934626,19.47143591,F6IV, 4.78
HIP 98337,299.6891152,19.49209287,K5III, 3.51
HIP 76852,235.3878846,19.67050566,A1V, 4.51
HIP 14838,47.90695691,19.72669777,K2IIIvar, 4.35
HIP 105502,320.5213912,19.80435581,K1III, 4.08
HIP 50583,154.9923405,19.84186032,K0III, 2.01
HIP 28716,90.9799315,20.13845865,B2Iavar, 4.64
HIP 53954,165.5824216,20.17974575,A1m, 4.42
HIP 1168,3.65045047,20.2066972,M2III, 4.79
HIP 30883,97.24079361,20.2121672,B6III, 4.13
HIP 57565,176.9967765,20.21894121,A comp SB, 4.50
HIP 27913,88.59618305,20.27641498,G0V, 4.39
HIP 54872,168.5267171,20.52403384,A4V, 2.56
HIP 92043,281.4155466,20.54712356,F6V, 4.19
HIP 34088,106.0272308,20.57029939,G3Ibv SB, 4.01
HIP 19990,64.31535896,20.57874033,A3m, 4.93
HIP 8903,28.65978771,20.80829949,A5V..., 2.64
HIP 88886,272.1895526,20.81457203,B2IV, 4.37
HIP 77661,237.8164298,20.97787548,K5III, 4.74
HIP 5571,17.86330901,21.03467568,K0III, 4.66
HIP 15110,48.72547816,21.04462873,A1V, 4.87
HIP 26451,84.41118447,21.14259299,B4IIIp, 2.97
HIP 101867,309.6303848,21.20117964,A0V, 4.81
HIP 62886,193.3240451,21.24502058,G8III, 4.89
HIP 67480,207.4284164,21.26406422,K4III, 4.92
HIP 13914,44.80305773,21.34044477,A2Vs, 4.63
HIP 94703,289.0543316,21.39044277,B4IV, 4.76
HIP 42806,130.8217213,21.46859609,A1IV, 4.66
HIP 80816,247.555257,21.4896485,G8III, 2.78
HIP 23497,75.77376699,21.5900617,A7V, 4.62
HIP 88267,270.3766789,21.59568814,G5, 4.26
HIP 90139,275.9240282,21.77034249,K2III, 3.85
HIP 25539,81.9086835,21.93698219,B2.5IV, 4.88
HIP 89861,275.0745983,21.9614409,M1III, 4.92
HIP 35550,110.0307889,21.98233941,F0IV..., 3.50
HIP 19038,61.17357446,22.0820679,K0III, 4.36
HIP 24822,79.81912416,22.09669104,G8III, 4.96
HIP 88657,271.507953,22.21889206,M3IIIa+..., 4.96
HIP 20635,66.34207825,22.29398098,A7IV-V, 4.21
HIP 29655,93.71956952,22.50682376,M3III, 3.31
HIP 30343,95.73996302,22.51385027,M3IIIvar, 2.87
HIP 97679,297.7670568,22.61008676,B2.5V, 4.90
HIP 61394,188.7129908,22.62918961,A0IV, 4.80
HIP 92818,283.6870048,22.64507357,G4III+..., 4.57
HIP 78554,240.5737045,22.80439543,A3V, 4.82
HIP 20711,66.57664484,22.81369394,A8Vn, 4.28
HIP 21881,70.56126452,22.95697545,B3V, 4.27
HIP 46750,142.9301682,22.96806545,K5IIIvar, 4.32
HIP 54951,168.8010129,23.09552528,M3III, 4.56
HIP 28734,91.0300689,23.26363207,G7III, 4.16
HIP 115623,351.3444225,23.40401243,F8IV, 4.42
HIP 50335,154.1725181,23.4173284,F0III, 3.43
HIP 4463,14.30178237,23.41775997,G8III-IV, 4.40
HIP 9884,31.79285757,23.46277743,K2III, 2.01
HIP 112440,341.6326766,23.56567939,G8II-III, 3.97
HIP 9153,29.48239763,23.5960961,F0V, 4.79
HIP 106140,322.4869986,23.63882922,M1III, 4.52
HIP 115250,350.1592632,23.7403592,A5V, 4.58
HIP 47908,146.4629267,23.77427792,G0II, 2.97
HIP 59847,184.0856467,23.94542332,K0III, 4.93
HIP 17608,56.58150135,23.94846207,B6IV, 4.14
HIP 17847,57.29054669,24.05352412,B8III, 3.62
HIP 97886,298.3653368,24.07952568,B9.5III, 4.57
HIP 17702,56.87110065,24.10524193,B7III, 2.85
HIP 17499,56.21884811,24.1134484,B6III, 3.72
HIP 3693,11.83495908,24.26737703,K1II, 4.08
HIP 17573,56.45663804,24.36785796,B8III, 3.87
HIP 37740,116.1119524,24.39812929,G8III, 3.57
HIP 17531,56.30200876,24.46737879,B6V, 4.30
HIP 27468,87.25399777,24.56755473,G8IIIvar, 4.88
HIP 5742,18.43723014,24.58376482,K0III..., 4.67
HIP 112748,342.5004181,24.60168486,M2III, 3.51
HIP 95771,292.1767126,24.66516482,M0 comp, 4.44
HIP 53417,163.9035334,24.74975451,A1, 4.30
HIP 84379,258.7580174,24.83958739,A3IVv SB, 3.12
HIP 73996,226.8247795,24.86959294,F5V, 4.93
HIP 73568,225.5271339,25.00825646,K4III, 4.80
HIP 69226,212.5997852,25.09182293,F9IVw, 4.82
HIP 32246,100.9830409,25.13115531,A3mA6-A9, 3.06
HIP 118131,359.43979,25.14147936,M3III, 4.63
HIP 102388,311.2188468,25.27104823,K2III, 4.92
HIP 109176,331.7519773,25.3450461,F5V, 3.77
HIP 114155,346.77808,25.46833959,K0IIp, 4.76
HIP 99824,303.8162123,25.59196924,B3V, 4.79
HIP 107354,326.1612676,25.64500284,F5IV, 4.14
HIP 60351,185.6263298,25.84618178,F8:p..., 4.78
HIP 10053,32.35535861,25.93997268,F2III, 4.98
HIP 28237,89.49857371,25.95391597,B1Ib, 4.81
HIP 48455,148.1914903,26.00708498,K0III, 3.88
HIP 77512,237.3987418,26.06854936,G5III-IV, 4.59
HIP 85693,262.6845751,26.1106045,K3IIIvar, 4.41
HIP 46146,141.163664,26.18244091,K2III, 4.47
HIP 76952,235.6859927,26.29551419,A1Vs, 3.81
HIP 71995,220.8557162,26.52789077,M3III, 4.80
HIP 92088,281.5186171,26.66207055,K3III, 4.83
HIP 76267,233.6716229,26.71491041,A0V, 2.22
HIP 38538,118.3743187,26.76585858,A3V, 4.97
HIP 60746,186.7471003,26.8257216,A4V, 4.98
HIP 78159,239.3970912,26.87802632,K3III, 4.14
HIP 36962,113.9807178,26.89600343,K5III, 4.06
HIP 73745,226.1119046,26.94765981,K2III, 4.52
HIP 72105,221.2468787,27.07417383,A0, 2.35
HIP 103004,313.0321898,27.09712771,G8III, 4.56
HIP 13209,42.49578911,27.26079044,B8Vn, 3.61
HIP 6193,19.86657455,27.26408682,A3V, 4.74
HIP 60697,186.6003073,27.26826273,F0p, 4.92
HIP 20250,65.08847817,27.35094069,K1III, 4.97
HIP 62763,192.9246993,27.54073393,G0III, 4.93
HIP 27830,88.33184814,27.61228536,A0V, 4.56
HIP 64022,196.7946161,27.62490672,K5III, 4.80
HIP 12719,40.86296031,27.70717078,B3V, 4.65
HIP 86974,266.6154955,27.72249917,G5IV, 3.42
HIP 98543,300.2750422,27.75356392,A4III, 4.66
HIP 39424,120.8795798,27.79441794,K2III, 4.94
HIP 36046,111.4319837,27.79828561,G9III+..., 3.78
HIP 99874,303.9423226,27.8142285,K3III, 4.50
HIP 64394,197.9705112,27.87603769,G0V, 4.23
HIP 95947,292.6803553,27.9596948,K3II+..., 3.05
HIP 37826,116.3306826,28.02631031,K0IIIvar, 1.16
HIP 113881,345.9430558,28.08245462,M2II-IIIvar, 2.44
HIP 60742,186.7346983,28.26861975,K2IIICN+..., 4.35
HIP 110371,335.3305317,28.33051592,B9III, 4.78
HIP 25428,81.57290804,28.60787346,B7III, 1.65
HIP 107310,326.0350187,28.74322228,F6V, 4.49
HIP 43103,131.6743096,28.76000509,G8Iab:, 4.03
HIP 88794,271.8856282,28.76247025,B9.5V, 3.84
HIP 37629,115.8278555,28.8840717,K1III SB, 4.23
HIP 15549,50.08485949,29.04849835,K2II-III, 4.47
HIP 677,2.09653333,29.09082805,B9p, 2.07
HIP 75695,231.9577163,29.10549164,F0p, 3.66
HIP 13061,41.97683942,29.24742385,K1III, 4.52
HIP 87933,269.4409611,29.24792527,K0III, 3.70
HIP 112051,340.4392072,29.3076892,A1IV, 4.80
HIP 3031,9.63958024,29.312369,G5III..., 4.34
HIP 117073,355.9976585,29.36155278,K0III, 4.93
HIP 29696,93.84473576,29.49871224,G8IIIvar, 4.32
HIP 8796,28.27041595,29.57939727,F6IV, 3.42
HIP 95372,291.031549,29.6213112,B3IV, 4.99
HIP 71284,218.6695438,29.74480735,F3Vwvar, 4.47
HIP 78493,240.3607943,29.85107821,A0p..., 4.98
HIP 5586,17.91494471,30.08972962,K0III-IV..., 4.51
HIP 96683,294.8441846,30.1532335,G8III-IV..., 4.68
HIP 87998,269.6256239,30.18926892,F2II, 4.41
HIP 112158,340.7505357,30.22130866,G2II-III.., 2.93
HIP 104732,318.2340898,30.22708128,G8II SB, 3.21
HIP 34693,107.7849651,30.24528065,K2III, 4.41
HIP 75312,230.8009428,30.28824114,G2V, 4.99
HIP 10280,33.09301632,30.30321507,F5V comp SB, 4.94
HIP 101076,307.348879,30.36855661,F5II, 4.01
HIP 71053,217.957741,30.37114497,K3III, 3.57
HIP 102453,311.415663,30.7196568,K0III, 4.22
HIP 63462,195.0686894,30.78503676,K1IIIp, 4.88
HIP 3092,9.83165567,30.86122579,K3III..., 3.27
HIP 80181,245.5245422,30.89173424,K0III, 4.86
HIP 83207,255.0725258,30.92633926,A0V, 3.92
HIP 116310,353.4881388,31.32532196,K4III, 4.97
HIP 76127,233.2324831,31.35915517,B6Vnn, 4.14
HIP 89172,272.9756952,31.4052884,M3III, 4.96
HIP 55203,169.5468333,31.53077778,G0V, 3.79
HIP 81693,250.3228213,31.60188695,F9IV, 2.81
HIP 36366,112.2775405,31.78407932,F0V..., 4.16
HIP 18246,58.53299363,31.88365776,B1Ib, 2.84
HIP 36850,113.650019,31.88863645,A2Vm, 1.58
HIP 52098,159.6800527,31.97622008,G0II, 4.68
HIP 93279,285.0034226,32.14549051,K3III, 4.94
HIP 100587,305.9649834,32.19018607,K3III, 4.43
HIP 25984,83.18197584,32.1920314,B5Iab, 4.71
HIP 17448,56.07969347,32.28827325,B1III, 3.84
HIP 93194,284.7359357,32.68955312,B9III, 3.25
HIP 59856,184.1257284,33.06179861,K1III, 4.99
HIP 55219,169.6198139,33.09423881,K3III SB, 3.49
HIP 84573,259.3315437,33.10011419,B1.5Vp, 4.80
HIP 23015,74.24840098,33.16613537,K3IIvar, 2.69
HIP 109410,332.496886,33.17826747,F5III, 4.28
HIP 74666,228.8754324,33.31510222,G8III, 3.46
HIP 92420,282.5199746,33.36267788,A8:V comp SB, 3.52
HIP 24727,79.54395049,33.37200411,K3III..., 4.54
HIP 2912,9.22016239,33.71935227,B5V, 4.34
HIP 51056,156.478613,33.79626364,F0V, 4.72
HIP 10670,34.32848216,33.84732099,A1Vnn, 4.03
HIP 33018,103.1972503,33.96136985,A3III, 3.60
HIP 17313,55.59434812,33.96503899,B0.5V, 4.97
HIP 102488,311.5518009,33.96945334,K0III, 2.48
HIP 53229,163.3276661,34.21556641,K0III-IV, 3.79
HIP 15416,49.68259978,34.2226737,K2II, 4.85
HIP 10644,34.26007346,34.22482985,G0V, 4.84
HIP 102571,311.794685,34.37410329,K3IIIvar, 4.93
HIP 45860,140.2644117,34.39252592,M0IIIvar, 3.14
HIP 67665,207.9478731,34.44431774,K5III, 4.76
HIP 96052,292.9430044,34.45297707,B3IV, 4.74
HIP 20252,65.10273351,34.56674228,G8III, 4.93
HIP 37265,114.791485,34.58463287,F3III, 4.89
HIP 105138,319.4794496,34.8968812,B2Vne, 4.41
HIP 10064,32.38550383,34.98739204,A5III, 3.00
HIP 13328,42.87846216,35.05989415,K5III, 4.56
HIP 98110,299.0766507,35.08349079,K0IIIvar, 3.89
HIP 13905,44.7654574,35.18311415,K2III, 4.94
HIP 49593,151.8571881,35.24469176,A7V, 4.49
HIP 101474,308.4757843,35.25086482,K2Ib comp, 4.61
HIP 69879,214.4992337,35.50947085,K1III, 4.80
HIP 5447,17.43248991,35.62083048,M0IIIvar, 2.07
HIP 77655,237.8080723,35.65822638,K0III-IV, 4.79
HIP 18614,59.74124892,35.79102701,O7.5Iab:, 3.98
HIP 89826,274.965505,36.06444696,K2IIIvar, 4.33
HIP 66458,204.3654038,36.29484073,A7III, 4.82
HIP 46952,143.5557374,36.39761338,G8III, 4.54
HIP 79119,242.2430357,36.49010935,K0III-IV, 4.73
HIP 102589,311.8521956,36.49073658,B6IV, 4.53
HIP 76669,234.8445158,36.63582763,B7V+..., 4.64
HIP 22678,73.15833005,36.70319636,K3III, 4.79
HIP 51233,156.9712187,36.70747818,G8III-IV, 4.20
HIP 1473,4.58210555,36.7853273,A2V, 4.51
HIP 45688,139.7111139,36.80289763,A1V, 3.82
HIP 99770,303.6332603,36.8061354,A2V, 4.93
HIP 84380,258.7618928,36.80915527,K3IIvar, 3.16
HIP 99303,302.3567364,36.83959003,B2.5V, 4.93
HIP 92791,283.6262029,36.89860518,M4IIvar, 4.22
HIP 85112,260.9207203,37.14592396,B9.5III, 4.15
HIP 66257,203.6989429,37.18243871,F2IV SB, 4.91
HIP 28380,89.93015897,37.21276409,A0p Si, 2.65
HIP 87808,269.0632439,37.25052158,K1IIvar, 3.86
HIP 84606,259.4178578,37.29134328,A2V, 4.64
HIP 27639,87.7600428,37.30568175,M1III, 4.72
HIP 97118,296.0689651,37.35426967,G8III, 4.89
HIP 75411,231.1230676,37.37696091,F0V, 4.31
HIP 22453,72.47777728,37.48818131,K4II, 4.89
HIP 91971,281.1930661,37.60505025,Am, 4.34
HIP 109937,333.9923757,37.74873483,K3III, 4.14
HIP 9977,32.12144102,37.85918337,A5IV-V, 4.78
HIP 23179,74.81406425,37.8904824,A1V, 4.93
HIP 100044,304.4466852,38.0329471,B2pe, 4.77
HIP 104887,318.6972776,38.04432043,F1IV, 3.74
HIP 94713,289.0920643,38.13372778,K0II, 4.35
HIP 55266,169.7830976,38.18572227,A2V, 4.76
HIP 71075,218.0198242,38.30788348,A7IIIvar, 3.04
HIP 63125,194.0076705,38.31824617,A0spe..., 2.89
HIP 13254,42.64547584,38.31890838,F2III, 4.22
HIP 44700,136.6324502,38.45225024,G8Ib-II, 4.56
HIP 24340,78.35721486,38.48467394,A4m, 4.82
HIP 98068,298.9656717,38.48670392,B5IV, 4.95
HIP 4436,14.18790699,38.49925513,A5V, 3.86
HIP 106551,323.6936559,38.53382684,K1III, 4.87
HIP 1366,4.27306518,38.68167915,A2V, 4.61
HIP 91262,279.2341083,38.78299311,A0Vvar, 0.03
HIP 14354,46.29373754,38.84053298,M3IIIvar, 3.32
HIP 81833,250.7239107,38.92246103,G8III-IV, 3.48
HIP 111841,339.8153288,39.05028301,O9V, 4.89
HIP 94481,288.4395365,39.14596968,B2.5IV, 4.43
HIP 27673,87.87246934,39.14847936,K0III, 3.97
HIP 27483,87.29358126,39.18113322,G8III, 4.51
HIP 34752,107.9137185,39.32054373,K4II-III, 4.91
HIP 105102,319.3539689,39.39469016,B9Iab, 4.22
HIP 14817,47.82250605,39.61157075,K1III, 4.61
HIP 91926,281.0948994,39.61259557,A8Vn, 4.59
HIP 47029,143.766052,39.62144313,K0III, 4.81
HIP 13879,44.69021034,39.66282739,A2Vn, 4.68
HIP 91919,281.0847388,39.66997686,F1V, 4.67
HIP 109754,333.4695894,39.71488928,K3III, 4.50
HIP 18532,59.46342138,40.01027315,B0.5V, 2.90
HIP 24813,79.78365993,40.10066732,G0V, 4.69
HIP 64540,198.4290895,40.15284766,K0III, 4.94
HIP 12623,40.5622035,40.19438688,F9V, 4.91
HIP 100453,305.5570835,40.2566815,F8Ib, 2.23
HIP 73555,225.486638,40.39063671,G8III, 3.49
HIP 51658,158.3083217,40.42554046,A7IV, 4.72
HIP 19811,63.72212566,40.48372394,G5II comp, 4.67
HIP 64844,199.385988,40.57256275,F3III, 4.72
HIP 7818,25.14501739,40.57710624,B8III, 4.96
HIP 76041,232.9458014,40.89936876,A5V, 4.98
HIP 14576,47.04220716,40.9556512,B8V, 2.09
HIP 23453,75.61950025,41.07588953,K4II comp, 3.69
HIP 3881,12.45345723,41.07895474,B5V SB, 4.53
HIP 103413,314.2933818,41.16719384,A1Vn, 3.94
HIP 23767,76.62862102,41.23464074,B3V, 3.18
HIP 21476,69.17264013,41.26485467,G8II comp, 4.25
HIP 61317,188.4378856,41.35676779,G0V, 4.24
HIP 7513,24.19990413,41.40638491,F8V, 4.10
HIP 50801,155.5825136,41.4994335,M0III SB, 3.06
HIP 32844,102.6915132,41.78156548,K3III, 4.99
HIP 44248,135.1614677,41.78344401,F5V, 3.96
HIP 80704,247.1605205,41.88169065,M6III:var, 4.83
HIP 113726,345.4801938,42.32597866,B6pv SB, 3.62
HIP 9640,30.97466283,42.32984832,B8V, 2.10
HIP 81126,248.5257886,42.43689565,B9Vvar, 4.20
HIP 77760,238.1674768,42.44998796,F9V, 4.60
HIP 31832,99.83261264,42.48901214,K3III, 4.80
HIP 17529,56.29851422,42.57854437,F5IIvar, 3.77
HIP 7918,25.44381547,42.61380692,G2V, 4.96
HIP 50372,154.2746956,42.91446855,A2IV, 3.45
HIP 111104,337.6219233,43.12338985,B2IV, 4.52
HIP 41075,125.7088754,43.18837233,K5III, 4.25
HIP 53295,163.4946083,43.19001538,A1Vs, 4.66
HIP 116631,354.5340797,43.2680761,B8V, 4.29
HIP 112917,343.0081137,43.31236494,M0III, 4.95
HIP 15648,50.36086309,43.32965174,A3V, 4.96
HIP 55560,170.7067242,43.48273665,G8II, 4.99
HIP 23416,75.49222507,43.82331397,F0Ia, 3.03
HIP 104060,316.2327325,43.92785122,K5Ibv SB, 3.72
HIP 92862,283.8336882,43.9458926,M5IIIvar, 4.08
HIP 10340,33.30558667,44.23168903,K4III, 4.84
HIP 111944,340.1282598,44.27628068,K3III, 4.50
HIP 116805,355.1018409,44.33397776,B9IVn, 4.15
HIP 103089,313.3114387,44.38726652,B5V, 4.80
HIP 54539,167.4160809,44.49855337,K1III, 3.00
HIP 14668,47.37345463,44.85788896,K0III, 3.79
HIP 79101,242.1924972,44.93481883,B9MNp..., 4.23
HIP 28360,89.88237261,44.94743492,A2V, 1.90
HIP 33485,104.4046874,45.09410202,A2Vn, 4.90
HIP 97165,296.2435088,45.13069195,B9.5III, 2.86
HIP 102098,310.3579727,45.28033423,A2Ia, 1.25
HIP 6813,21.9128547,45.40695287,F5IV, 4.83
HIP 6411,20.58497087,45.5287566,K0III-IV, 4.87
HIP 106481,323.4953036,45.59206564,G8III, 3.98
HIP 28404,89.98375587,45.93675346,M3IIvar, 4.30
HIP 82321,252.3091638,45.9834478,A2p..., 4.82
HIP 24608,79.17206517,45.99902927,M1: comp, 0.08
HIP 86414,264.8662185,46.00632216,B3V SB, 3.82
HIP 78592,240.6993795,46.03685378,B9III, 4.72
HIP 69732,214.0965682,46.08791894,A0sh, 4.18
HIP 102724,312.2345558,46.11414081,B3Ia, 4.81
HIP 79992,244.9351996,46.31327084,B5IV, 3.91
HIP 117221,356.5084956,46.42029095,G5Ib, 4.97
HIP 116584,354.3904487,46.45917621,G8III-IV, 3.81
HIP 20354,65.38811942,46.4989629,B4IV, 4.80
HIP 110351,335.2563679,46.53656484,B6V, 4.55
HIP 99675,303.4079278,46.74132417,K2II+..., 3.80
HIP 99639,303.325175,46.81567038,A5IIIn, 4.80
HIP 3414,10.8670447,47.02463657,A5V, 4.95
HIP 44471,135.9064949,47.15665934,A1Vn, 3.57
HIP 5434,17.37550908,47.2418241,B7III, 4.26
HIP 103632,314.9564595,47.52094507,B1ne, 4.74
HIP 104194,316.6503672,47.64840597,K4II, 4.56
HIP 73695,225.9486742,47.65401409,G2V + G2V, 4.83
HIP 111022,337.3825947,47.70689488,M0II, 4.34
HIP 19343,62.16530527,47.71259359,B3Ve, 3.96
HIP 99848,303.8679927,47.7142053,K3Ib-II comp, 3.96
HIP 57399,176.5130589,47.77933701,K0III, 3.69
HIP 17358,55.7311754,47.7876533,B5III SB, 3.01
HIP 16335,52.64367585,47.99517199,K3III, 4.36
HIP 44127,134.8034948,48.04234956,A7IV, 3.12
HIP 16826,54.12233383,48.19270068,B5Ve, 4.32
HIP 3504,11.18125882,48.28438262,B5III, 4.48
HIP 19812,63.72440722,48.40937312,G0Ib..., 4.12
HIP 7607,24.49792651,48.62848641,K3III, 3.59
HIP 81497,249.6870334,48.92827739,M2.5III, 4.86
HIP 101138,307.5147157,48.95155039,B2.5IV, 4.94
HIP 115022,349.4359013,49.01528336,M2III, 4.82
HIP 66234,203.6140561,49.01590606,A5V, 4.68
HIP 16147,52.01270885,49.06293148,B5V, 4.99
HIP 36145,111.6785873,49.21164489,A1V, 4.61
HIP 12777,41.04869991,49.22866639,F7V, 4.10
HIP 30520,96.22459158,49.28789903,K5Iabvar, 4.92
HIP 107533,326.6983579,49.3095748,B3III, 4.23
HIP 67301,206.8856088,49.31330288,B3V SB, 1.85
HIP 114570,348.1371788,49.40597489,F0V, 4.53
HIP 110609,336.1291488,49.47640074,B9Iab, 4.55
HIP 16244,52.34179296,49.50901919,B3V, 4.67
HIP 14632,47.26201363,49.61350009,G0V, 4.05
HIP 113288,344.1083278,49.73355094,K5Ibvar, 4.99
HIP 15863,51.08061889,49.86124281,F5Ib, 1.79
HIP 113919,346.0451323,50.05168397,K0III, 4.64
HIP 96441,294.1105934,50.22046347,F4V, 4.49
HIP 11313,36.40583743,50.27866588,K4III, 4.73
HIP 111169,337.822399,50.28244976,A1V, 3.76
HIP 20070,64.56073112,50.29563944,A2V, 4.60
HIP 19167,61.64606374,50.35135022,A0IVn, 4.25
HIP 3300,10.51618425,50.51254151,B2.5V, 4.80
HIP 8068,25.9150637,50.6887655,B2Vpe, 4.01
HIP 92689,283.3064222,50.70828894,G8III, 4.92
HIP 3801,12.20830552,50.96819154,B9III, 4.90
HIP 107136,325.523582,51.1896271,B3IV, 4.69
HIP 69713,214.0419563,51.36701398,A9V, 4.75
HIP 87833,269.1515744,51.48895101,K5III, 2.24
HIP 39847,122.114598,51.50667575,A2V, 4.78
HIP 111674,339.3436075,51.54537399,A8IV, 4.64
HIP 60485,186.0061763,51.56222925,G7III, 4.76
HIP 23783,76.66940952,51.59814314,F0V, 4.98
HIP 44901,137.2182737,51.60472728,Am, 4.46
HIP 46853,143.2180219,51.67860208,F6IV, 3.17
HIP 95853,292.4264139,51.72946747,A5Vn, 3.76
HIP 69483,213.3706246,51.78999066,A8IV, 4.53
HIP 70497,216.3000806,51.85171354,F7V, 4.04
HIP 47006,143.7062288,52.05156754,A2V, 4.47
HIP 110538,335.8901517,52.22949951,G9III, 4.42
HIP 85670,262.6082371,52.30135901,G2II, 2.79
HIP 98055,298.9075928,52.43902327,A4Vn, 4.91
HIP 13531,43.564427,52.76248991,G4III..., 3.93
HIP 94779,289.2754579,53.36816064,K0III, 3.80
HIP 14328,46.19912598,53.50645031,G8III+..., 2.91
HIP 58001,178.4572554,53.69473296,A0V SB, 2.41
HIP 23040,74.32175175,53.75208289,A1V, 4.43
HIP 2920,9.24277921,53.89693161,B2IV, 3.69
HIP 45493,139.0469952,54.02171207,A5V, 4.80
HIP 48402,148.0265007,54.06428574,A3IV, 4.55
HIP 28358,89.88145972,54.28498197,K0III, 3.72
HIP 83608,256.3340928,54.46986308,F5, 4.91
HIP 9505,30.57530917,54.48754946,B8III, 4.99
HIP 2505,7.94299136,54.52232473,B8Vn, 4.74
HIP 66738,205.1845521,54.68166149,M2IIIvar, 4.63
HIP 78180,239.4483039,54.74950359,F0IV, 4.96
HIP 65378,200.980916,54.92541525,A2V, 2.23
HIP 65477,201.3058983,54.98799884,A5V SB, 3.99
HIP 5542,17.77471116,55.14994765,A7Vvar, 4.34
HIP 85829,263.0661625,55.17280674,Am, 4.86
HIP 85819,263.0434083,55.18411077,Am..., 4.89
HIP 27949,88.71160776,55.7069049,A2V, 4.96
HIP 118243,359.7522073,55.75494069,B1V..., 4.88
HIP 13268,42.67413655,55.89552955,K3Ib comp SB, 3.77
HIP 62956,193.5068041,55.95984301,A0p, 1.76
HIP 51459,157.6573514,55.98061759,F8V, 4.82
HIP 63503,195.1816073,56.36633134,F2V, 4.93
HIP 53910,165.4599615,56.38234478,A1V, 2.34
HIP 3179,10.12661349,56.53740928,K0II-IIIvar, 2.24
HIP 99655,303.3491714,56.56752223,A3IV-Vn, 4.28
HIP 14382,46.38510717,56.7055481,K0II-III, 4.77
HIP 82020,251.3241238,56.78168723,F2V, 4.84
HIP 87585,268.3817896,56.87245216,K2III, 3.73
HIP 59774,183.856038,57.03259792,A3Vvar, 3.32
HIP 109857,333.7569958,57.04346522,F0IV, 4.18
HIP 90905,278.1438429,57.04561627,F7Ib, 4.77
HIP 117863,358.5959889,57.49939052,F8Iavar, 4.51
HIP 102431,311.3383193,57.58029799,F8IV-V, 4.52
HIP 3821,12.27125262,57.8165477,G0V SB, 3.46
HIP 109492,332.7135913,58.20124992,K1Ibv SB, 3.39
HIP 6242,20.02049027,58.2316161,F0Ia, 4.95
HIP 110991,337.2926998,58.4151899,G2Ibvar, 4.07
HIP 33449,104.3191605,58.42305973,G5III-IV, 4.35
HIP 115990,352.5079978,58.54890978,B3IV, 4.89
HIP 78527,240.4737656,58.56443739,F8IV-V, 4.01
HIP 117301,356.7641112,58.65185164,K1III, 4.88
HIP 37609,115.751907,58.71048707,A3IVn, 4.93
HIP 107259,325.8768956,58.78005308,M2Ia, 4.23
HIP 90156,275.9777039,58.8005852,A3V, 4.98
HIP 98073,298.9807846,58.84601982,K5II-III, 4.98
HIP 16281,52.47810837,58.87875244,A0Ia SB:, 4.55
HIP 75458,231.2324337,58.96602354,K2III, 3.29
HIP 4292,13.75080422,58.97279657,K2III, 4.83
HIP 30060,94.90579498,59.01090518,A2Vs, 4.44
HIP 48319,147.7487154,59.03910437,F0IV, 3.78
HIP 746,2.29204036,59.15021814,F2III-IV, 2.28
HIP 4422,14.16671042,59.18116582,G8III-IV, 4.62
HIP 7294,23.48302496,59.23209665,K0III, 4.68
HIP 92512,282.8000276,59.38828895,K0II-III SB, 4.63
HIP 114104,346.6533743,59.41976474,B0.5IV, 4.84
HIP 32438,101.5589695,59.44169108,A3V, 4.86
HIP 16228,52.26722684,59.94033461,B9Ia, 4.21
HIP 6686,21.45251267,60.23540347,A5Vv SB, 2.66
HIP 23522,75.854572,60.44228144,G0Ib, 4.03
HIP 4427,14.17708808,60.71674966,B0IV:evar, 2.15
HIP 41704,127.5667923,60.7184311,G4II-III, 3.35
HIP 18488,59.28455287,61.10891703,K3I-II, 4.99
HIP 107418,326.3622053,61.12081043,A2Iavar, 4.25
HIP 4151,13.26783051,61.12355735,F8V, 4.80
HIP 80331,245.9979452,61.51407536,G8III, 2.73
HIP 54061,165.9326537,61.75111888,F7V comp, 1.81
HIP 102422,311.3219526,61.83679404,K0IV, 3.41
HIP 106801,324.4801117,62.08194667,B2Ib, 4.76
HIP 115590,351.2093627,62.28283877,M1III, 4.96
HIP 105199,319.6440898,62.58545529,A7IV-V, 2.45
HIP 2599,8.24994391,62.93178781,B1Ia, 4.17
HIP 101093,307.3951138,62.99413722,A7III, 4.21
HIP 46733,142.8815403,63.06179545,F0IV, 3.65
HIP 18505,59.3559814,63.07224944,B9.5V, 4.95
HIP 17587,56.50971937,63.34506772,A3V..., 4.78
HIP 45075,137.7288799,63.51378087,Am, 4.67
HIP 8886,28.59868107,63.67014686,B2pvar, 3.35
HIP 42527,130.0537443,64.32787175,K2III, 4.59
HIP 68756,211.0976084,64.37580873,A0III SB, 3.67
HIP 89348,273.4723271,64.39719935,F5V, 4.99
HIP 81660,250.2296643,64.58908555,K1p, 4.84
HIP 108917,330.9465078,64.62775425,Am, 4.26
HIP 67627,207.8580733,64.72328281,M3III, 4.58
HIP 82860,254.0056648,65.13467204,F6Vvar, 4.88
HIP 17884,57.38035594,65.52600645,M1III, 4.39
HIP 90344,276.495783,65.56354628,K2III, 4.82
HIP 50933,156.0327452,65.56647366,A0sp..., 4.94
HIP 15520,49.99690314,65.65232717,B2.5Vne, 4.74
HIP 95081,290.1669666,65.7144303,A2IIIs, 4.60
HIP 83895,257.1967711,65.71463676,B6III, 3.17
HIP 73199,224.3963298,65.93238126,M5III, 4.63
HIP 112724,342.4204674,66.20071089,K0III, 3.50
HIP 22783,73.51254425,66.34266029,O9.5Ia SB:, 4.26
HIP 45038,137.5980257,67.13423886,F7IV-V, 4.80
HIP 11569,37.26661741,67.40238385,A5p Sr, 4.46
HIP 44390,135.6363579,67.62957486,M3III, 4.74
HIP 94376,288.1381458,67.66131695,G9III, 3.07
HIP 98702,300.7043634,67.87344872,K3III, 4.51
HIP 115088,349.6558621,68.11141807,K0III, 4.75
HIP 6692,21.48293404,68.12994739,K0III, 4.72
HIP 9009,29.00001575,68.68526545,B8III, 4.97
HIP 86201,264.2378747,68.75718933,F5V, 4.77
HIP 80650,246.9960549,68.76805491,A0III, 4.94
HIP 29997,94.71158258,69.3200343,A0Vn, 4.76
HIP 56211,172.851202,69.33112161,M0IIIvar, 3.82
HIP 96100,293.0857769,69.66540172,K0V, 4.67
HIP 61281,188.3710104,69.78820992,B6IIIp, 3.85
HIP 46977,143.6206994,69.83015419,G4III-IV, 4.54
HIP 61384,188.6836052,70.02177318,K2III, 4.95
HIP 97433,297.0425566,70.26783533,G8III, 3.84
HIP 106032,322.164896,70.56069481,B2IIIv SB, 3.23
HIP 9480,30.48979079,70.90704605,A3IV, 4.49
HIP 92782,283.5990262,71.29708956,K0III, 4.82
HIP 107119,325.4794837,71.31118695,K0III, 4.55
HIP 17959,57.58948256,71.33236777,A2IVn, 4.59
HIP 89908,275.1893383,71.33772734,A0p (Si), 4.22
HIP 75097,230.1822884,71.83397308,A3II-III, 3.00
HIP 86614,265.4846127,72.14949916,F5IV-V, 4.57
HIP 109400,332.4515291,72.34119936,G8III, 4.79
HIP 9598,30.85912643,72.42123962,A2V, 3.95
HIP 89937,275.2597457,72.73369763,F7Vvar, 3.55
HIP 94648,288.8887238,73.35521457,K3III, 4.45
HIP 72607,222.6766475,74.15547596,K4IIIvar, 2.07
HIP 14862,47.98432711,74.39386878,A2Vnn, 4.85
HIP 114222,346.9743255,75.3875815,G2III, 4.41
HIP 70692,216.8813438,75.69593921,K4III, 4.25
HIP 51808,158.773285,75.71298403,K0III, 4.86
HIP 79822,244.3770877,75.75470385,F5V, 4.95
HIP 33694,105.0160332,76.97744152,K4III, 4.55
HIP 69112,212.2125376,77.54743312,K3III, 4.80
HIP 116727,354.8374252,77.63196681,K1IV, 3.21
HIP 99255,302.2221517,77.71136178,B9III, 4.38
HIP 77055,236.0144331,77.79449901,A3Vn, 4.29
HIP 47193,144.2722997,81.32642085,K3III, 4.28
HIP 82080,251.4923396,82.03725071,G5IIIvar, 4.21
HIP 36547,112.7686676,82.41156871,M4IIIa, 4.92
HIP 112519,341.8706143,83.15371558,K3III, 4.77
HIP 113116,343.6016014,84.34611856,K4III, 4.70
HIP 5372,17.18399735,86.25711803,K2II-III, 4.24
HIP 85822,263.0537383,86.58632924,A1Vn, 4.35
HIP 11767,37.94614689,89.26413805,F7:Ib-IIv SB, 1.97
